date,title,sentiment,confidence
2016-01-01,Market Stumbles to the Finish Line in 2015,Negative,0.9796613454818726
2016-01-02,"Unlikely suspects are in the wings for 2016 Among 'tail risks' for the coming year are a return of inflation, a Europe without the UK, and a hard landing for China",Positive,0.674483597278595
2016-01-04,"Predictions for a New Year, Translated for a Modern Audience",Positive,0.7528680562973022
2016-01-05,Wall St. Follows China's Sell-Off,Negative,0.80942302942276
2016-01-05,Africa; Libya : Islamic State Attacks Oil Port,Positive,0.982546865940094
2016-01-05,"Oil Markets Settle Lower, Despite Iran - Saudi Feud",Negative,0.9860811233520508
2016-01-06,Relatively Stable Trading a Day After Sell-Offs,Positive,0.7398717999458313
2016-01-06,Caracas bank move sparks hyperinflation fear Venezuela,Positive,0.5822480916976929
2016-01-06,South Dakota : Keystone Xl Pipeline Permit Renewed,Positive,0.7625873684883118
2016-01-06,Libya issues 'cry for help' as Isis shells set fire to oil terminals Crude clash,Positive,0.9803208112716675
2016-01-07,Risk aversion climbs as global tensions compound growth fears Global overview,Positive,0.9892609119415283
2016-01-07,Marathon Petroleum Corp. Senior Vice President Richard D. Bedell to retire,Negative,0.8693378567695618
2016-01-07,Crude below $35 for first time in 12 years,Negative,0.9842562079429626
2016-01-07,China Halts Trading as Stocks Tumble 7 Percent in 29 Minutes,Negative,0.5742872953414917
2016-01-07,New Fears of a Slowdown in China Spur Selling,Negative,0.8861799836158752
2016-01-08,Stock Market Ends Its Worst Week Since 2011,Negative,0.9593364000320435
2016-01-08,What the Middle Kingdom's agonies mean for rest of the world Global spillovers,Positive,0.677762508392334
2016-01-08,Suicide Bomber Kills Dozens at Coast Guard Site in Libya,Positive,0.9859760403633118
2016-01-08,Trying to Understand China's Market Upheaval,Positive,0.9268369078636169
2016-01-08,Tesoro Logistics LP to Release Fourth Quarter Earnings,Negative,0.909843921661377
2016-01-09,Calmer China and positive US jobs data do little to soothe jitters Global overview,Negative,0.639132022857666
2016-01-09,Oil slide spurs fears of further price plunge Commodities,Negative,0.9839335083961487
2016-01-09,Timing is of the essence in contrarian trading Analysis: Equities,Negative,0.8154484033584595
2016-01-09,China's Obsolete Economic Strategy,Negative,0.8714863061904907
2016-01-09,We could have more influence' Lunch with the FT: Charles Koch,Positive,0.9440033435821533
2016-01-09,Chinese turmoil spreads the new year gloom The resilience of the global economy is once again being tested,Positive,0.8084704875946045
2016-01-09,Markets Slide to Worst Week in 4 Years,Negative,0.9820433259010315
2016-01-10,Buying Binge by China Cedes to Market Glut,Negative,0.970719575881958
2016-01-11,Tesoro Closes Acquisition of Logistics Assets in the Williston Basin of North Dakota,Negative,0.9867737293243408
2016-01-12,Warnings mount of $20 a barrel crude Commodities,Negative,0.8169211745262146
2016-01-12,Equities retreat as concerns linger over global growth and US earnings Global overview,Negative,0.9917919635772705
2016-01-12,McKesson slides on weakness at generic drugs division Wall Street,Negative,0.9899914264678955
2016-01-12,US shale slump shunts oil trains into sidings Commodities,Negative,0.7962232232093811
2016-01-12,Market Manages Last-Minute Rebound as Oil Keeps Sliding,Negative,0.9773114323616028
2016-01-13,"Stung by Low Oil Prices, BP Will Cut 4,000 Jobs",Negative,0.9885636568069458
2016-01-13,Caution mounts as China moves unsettle and crude tests fresh lows Global overview,Negative,0.9722947478294373
2016-01-13,Marathon Petroleum Corp. to Announce 2015 Fourth-Quarter and Full-Year Financial Results Feb. 3,Negative,0.8865531086921692
2016-01-13,Koch Executive Says Book Overstates Work for Nazis,Negative,0.8022432923316956
2016-01-13,Rally Late in Volatile Day Leads to Modest Gain,Positive,0.9877117276191711
2016-01-13,A Saudi Aramco I.P.O. Could Herald a Wider Sale of Assets,Positive,0.9029892683029175
2016-01-13,MPLX LP to Announce 2015 Fourth-Quarter and Full-Year Financial Results Feb. 3,Negative,0.8504559993743896
2016-01-13,Lululemon jumps after receiving holiday sales boost Wall Street,Positive,0.990723192691803
2016-01-13,Crude oil price: the bull versus the bear Analysis: Commodities,Negative,0.5249531865119934
2016-01-13,Nordic American Tankers Limited ( NYSE :NAT ) - Declaration of Dividend for the 74th consecutive quarter in a strong tanker market for NAT.,Positive,0.5940650701522827
2016-01-13,Lululemon on rise after holiday sales boost Wall Street,Positive,0.9881365299224854
2016-01-14,Premier Oil in $120m deal to buy Eon's North Sea assets Oil & gas,Positive,0.7563906908035278
2016-01-14,Oil price drop leaves Scottish economy trailing Data for third quarter show growth at one-quarter rate of the whole UK,Negative,0.986958920955658
2016-01-14,U.S. Stocks Continue Slide on Fears of Slowdown,Positive,0.557691216468811
2016-01-14,Chinese data offer limited support amid renewed volatility for crude Global overview,Positive,0.9686558246612549
2016-01-14,Markets Close Sharply Lower as Oil Prices Waver,Negative,0.9244176745414734
2016-01-14,Relentless fall in crude has oil companies over a barrel Energy groups shelve spending plans to focus on survival as brutal year looms,Negative,0.9690476059913635
2016-01-15,Energy Sector Leads a Broader Market Rally,Positive,0.9866464138031006
2016-01-15,Neste Jacobs to deliver Neste's Porvoo refinery a full scale Operator Training Simulator for core process units,Negative,0.7792890071868896
2016-01-15,US energy prices raise inflation worries Central banker,Positive,0.9844827055931091
2016-01-15,Fed rate setter expresses concern as markets lower inflation expectations,Negative,0.9816168546676636
2016-01-16,Oil Glut Grows and Takes a Toll on the Economy,Negative,0.723625123500824
2016-01-16,"BP announces 4,000 job losses as crude crisis bites Oil & gas",Positive,0.9543740153312683
2016-01-16,Risk appetite plummets amid oil collapse and US growth concerns Global overview,Negative,0.9805123805999756
2016-01-16,Wynn bucks downward trend as Macau losses show signs of easing Wall Street,Negative,0.9861039519309998
2016-01-16,Wynn bucks downward trend on Las Vegas win Wall Street,Negative,0.966245174407959
2016-01-16,A welcome drop in the price of crude oil Cheaper fuel is a clear net benefit for the world economy,Negative,0.8057421445846558
2016-01-16,Market falls prompt fears over dividends INVESTING,Negative,0.9831498265266418
2016-01-16,States Should Raise the Gas Tax,Positive,0.8664584755897522
2016-01-16,Oil Price Falls as Global Growth Anxiety Weighs on Markets,Negative,0.9915329813957214
2016-01-17,Iran Plays Down Deal's Completion as It Rejoins World Economy,Negative,0.9506829977035522
2016-01-17,"When Emerging Markets Roar, Stand Your Ground",Positive,0.9691430926322937
2016-01-19,Geopolitical Threats Rise as CEO's Global Growth Confidence Falls,Positive,0.5434693694114685
2016-01-19,Devastating unforeseen consequences of the oil price slump,Negative,0.9744486212730408
2016-01-19,Long-term bet: Suncor Energy 's $4.4bn takeover of Canadian Oil Sands reflects faith in recovery,Negative,0.8888055682182312
2016-01-19,Xi faces diplomatic test in Middle East Presidential visit: Foreign policy,Negative,0.5167417526245117
2016-01-20,Tesoro Logistics LP Announces 19th Consecutive Quarterly Distribution Increase,Positive,0.5648860931396484
2016-01-20,Tesoro launches plan to support development of renewable biocrude for its refineries,Negative,0.9897571802139282
2016-01-20,"Early Rally Fades, but Indexes End Higher",Positive,0.751917839050293
2016-01-21,Devon leads energy fallers as crude rout rattles sector Wall Street,Negative,0.9511271119117737
2016-01-21,"Noon Swoon,' Then Recovery That May Signal Market Turnaround",Positive,0.9809176921844482
2016-01-21,Stock exchanges across the world plunge into bear market territory Equities dragged down by global growth worries   Oil price sinks to another record low,Negative,0.977403998374939
2016-01-21,The Short View,Neutral,0.6010295748710632
2016-01-21,Devon leads the host of energy fallers Adam Samson Wall Street,Negative,0.6106252074241638
2016-01-21,BG's overseas assets shine amid crude-price gloom Oil & gas: Takeover plans,Positive,0.9651174545288086
2016-01-21,Shell leads energy sector sell-off after warning of 40% dip in quarterly profits,Negative,0.9783461689949036
2016-01-22,Petrol price remains just above $1 a gallon Commodities,Positive,0.5698597431182861
2016-01-22,Canadian and US rail groups battered by commodities price collapse Rail,Negative,0.977253794670105
2016-01-22,Lower Oil Prices Are Not Bringing Economic Gains,Negative,0.9877949953079224
2016-01-22,Russian Economy Reels as Stocks and Oil Fall,Negative,0.9077419638633728
2016-01-22,ECB 'review' hint provides respite for stocks as oil price rebounds Global overview,Positive,0.973604679107666
2016-01-22,Shares Recoup a Bit as Oil Prices Rally,Positive,0.9858043193817139
2016-01-23,Falling orders Hyundai Heavy to shut factory making oil rigs,Positive,0.5048004984855652
2016-01-23,"Shares Advance for a Second Day, Led by Rocketing Oil Prices",Positive,0.9920530319213867
2016-01-23,Shell counts cost of crude's tumble amid profit warning Oil & gas,Negative,0.9890110492706299
2016-01-23,Shale's big squeeze FT BIG READ: ENERGY,Negative,0.9738587737083435
2016-01-23,Central bankers need to look beyond oil volatility Policymakers must focus on the expectations for inflation and growth,Positive,0.9097209572792053
2016-01-23,Oil majors among 175 resource groups in danger of rating cuts Moody's warns of likely fallout from collapse in crude and other commodities,Negative,0.6596920490264893
2016-01-23,Rebound sounds a lot like a dead-cat bounce Analysis: Equities,Negative,0.6518616080284119
2016-01-25,MPLX LP Increases Quarterly Distribution,Negative,0.7256282567977905
2016-01-25,China Moves to Deepen Its Footprint in Iran as Sanctions End,Positive,0.8000344038009644
2016-01-26,Canadian energy groups slash investment Oil & gas Further cuts forecast with some operators making losses on every barrel sold,Negative,0.8403869271278381
2016-01-26,Investment in Canadian oil and gas to be further slashed Sustained low prices mean oil sands and conventional projects are unviable,Negative,0.7703256011009216
2016-01-26,Climate Pact Put to Test by Drop in Price of Oil,Negative,0.9833233952522278
2016-01-26,"Market Slumps, Along With Oil, After Friday's Gains",Negative,0.9889417290687561
2016-01-26,Focus turns to Fed hopes as fresh slide for crude knocks equities Global overview,Negative,0.74492347240448
2016-01-26,US crude traders find travel broadens the mind Analysis: Commodities,Negative,0.768709659576416
2016-01-27,Secrets to spill FT BIG READ: MIDDLE EAST,Positive,0.8881875276565552
2016-01-27,MURPHY ANNOUNCES DIVESTITURE OF MONTNEY MIDSTREAM ASSETS WITH PARTIAL ALLOCATION OF PROCEEDS TO STRATEGIC KAYBOB DUVERNAY AND LIQUIDS RICH MONTNEY LANDS JOINT VENTURE,Negative,0.8568354249000549
2016-01-27,World Bank cuts its oil price forecast to $37 Commodities,Negative,0.991477906703949
2016-01-27,Phibro heads back to 'merchant roots' Commodities,Positive,0.8207736611366272
2016-01-27,MURPHY OIL CORPORATION ANNOUNCES PRELIMINARY FOURTH QUARTER AND FULL YEAR 2015 FINANCIAL AND OPERATING RESULTS,Negative,0.9837460517883301
2016-01-27,"As the Price of Oil Climbs Higher, the Broader Market Follows",Positive,0.9927682876586914
2016-01-27,"Marathon Petroleum Corp. vice president, general counsel and secretary to retire",Negative,0.6219102144241333
2016-01-28,VMware falls 9% as weaker guidance adds to independence fears Wall Street,Negative,0.988409161567688
2016-01-28,Oil rebound extends as Brent climbs above $33 Commodities,Positive,0.9905850291252136
2016-01-28,Stocks supported by fresh crude rally but earnings add to concerns Global overview,Positive,0.9806051254272461
2016-01-28,"With Purchase of BG Group, Shell 's Chief Bets on Oil Resurgence",Positive,0.9853296875953674
2016-01-28,Maurel & Prom :2015 activity and sales,Negative,0.9299669861793518
2016-01-28,Market Declines After Fed Gives a Cautious Outlook,Negative,0.9881614446640015
2016-01-29,Why oil's new world order has rendered Opec irrelevant FT explainer,Positive,0.9089328646659851
2016-01-29,Oil plunge: Bailout risks hang over vulnerable producers,Negative,0.9706199169158936
2016-01-29,Iranian Oil Shipper Makes Up for Lost Time as Sanctions End,Positive,0.7167320251464844
2016-01-29,Oil Prices and Facebook Move Market Up,Positive,0.985420286655426
2016-01-29,France and Iran sign big commercial deals Rouhani tour,Positive,0.6283289790153503
2016-01-29,BG investors back Shell deal Oil & gas,Positive,0.6861785650253296
2016-01-30,Tullett to axe 7% of staff despite crude volatility lift Financial services,Positive,0.6246271133422852
2016-01-30,Rosneft plays down chances of oil cut Commodities,Negative,0.9474502801895142
2016-01-30,Slow US growth underlines choppy recovery Expansion,Negative,0.9630088210105896
2016-01-30,"U.S. Crude Oil Drops, but Not as Much as Predicted",Negative,0.9779894948005676
2016-01-30,Yen falls as Japanese rates are cut to below zero Currencies,Negative,0.9907301068305969
2016-01-30,Tech Shares Climb in a Market Rally,Positive,0.9917791485786438
2016-01-30,Stocks end traumatic month on front foot after Japanese easing Global overview,Negative,0.6556096076965332
2016-01-30,Bank of Japan Surprises by Adopting a Negative Rate,Negative,0.9832045435905457
2016-02-01,Marathon Petroleum Corporation Announces 2016 Annual Meeting of Shareholders,Negative,0.9651820659637451
2016-02-01,Marathon Petroleum Corporation Announces Dividend,Negative,0.9320424795150757
2016-02-01,Oil price rout to overshadow majors' earnings reports,Negative,0.589194118976593
2016-02-01,Nigeria asks World Bank for $2.5bn loan as oil price slump starts to bite,Negative,0.9072414040565491
2016-02-01,Tesoro Logistics LP Reports Fourth Quarter and Full Year 2015 Results,Negative,0.9608076810836792
2016-02-01,Tesoro Corporation Reports Fourth Quarter and Record Full Year Results for 2015,Negative,0.6518617272377014
2016-02-01,New Iran Battle Brews Over Foreign Oil Titans,Positive,0.8360604047775269
2016-02-02,Market Mostly Lower After Energy Sector Drop,Negative,0.9894072413444519
2016-02-03,Marathon Oil retreats on heavy crude selling Wall Street,Negative,0.9923301339149475
2016-02-03,Murphy USA Announces $85 Million Sale Price for CAM Pipeline System,Negative,0.9671335816383362
2016-02-03,MPLX LP Reports Fourth-Quarter and Full-Year 2015 Financial Results,Negative,0.9445552229881287
2016-02-03,Stocks retreat sharply in tandem with sliding crude oil prices Global overview,Negative,0.9905485510826111
2016-02-03,Oil and bank stocks drag on trading amid worries over cooling growth Wall Street,Negative,0.7719479203224182
2016-02-03,"Kesko's financial statements release for the period 1 Jan. 2015 to 31 Dec. 2015: comparable net sales at the level of the previous year, profit and financial position strengthened",Negative,0.5244415998458862
2016-02-03,Marathon Petroleum Corporation Reports Fourth-Quarter and Full-Year 2015 Results,Negative,0.9366999268531799
2016-02-04,Chipotle burnt as safety probe broadens Wall Street,Positive,0.6208085417747498
2016-02-04,"In a Day of Major Swings, Shares Stage a Comeback",Positive,0.9816851019859314
2016-02-04,Chipotle burnt by earnings warning as safety probe broadens Wall Street,Positive,0.6586615443229675
2016-02-04,Colombia seeks to swap US guns for economic aid South America: Peace process,Positive,0.7923438549041748
2016-02-04,Record-high full-year comparable operating profit and strong cash flow - dividend proposal EUR 1.00 per share,Positive,0.9636085033416748
2016-02-05,"One page, two columns in confident contradiction",Neutral,0.3956875205039978
2016-02-05,Wall St falters as oil rally fizzles out ahead of non-farm payrolls report Global overview,Negative,0.884275496006012
2016-02-05,Moderate Gains on Wall St. as Investors Await January Jobs Report,Negative,0.6333311796188354
2016-02-06,North Sea Oil: After the fall Stories,Negative,0.972135066986084
2016-02-06,Plunging crude prices take toll on oil majors' revenues Oil & gas,Negative,0.9833848476409912
2016-02-08,"North Dakota , Built Up by Oil, Has Empty Feeling as Prices Fall",Negative,0.9612993001937866
2016-02-08,Nordic American Tankers ' 4Q2015 Report ( NYSE :NAT ) - NAT is very different from other tanker companies. Operating Cash Flow rose 16%. Cash dividend declared for the 74th time.,Positive,0.9032792448997498
2016-02-09,"SEB: Nordic Outlook: Stronger global growth, but downside risks dominate - Swedish boom threatened by imbalances",Positive,0.9660037159919739
2016-02-09,Haven buying spurs gold to 8-month peak Commodities,Positive,0.9912071824073792
2016-02-09,Ethanol champion ADM in corn mills rethink Biofuels: Strategic review,Positive,0.8524933457374573
2016-02-09,Ready and Willing to Sell to Iran,Positive,0.8995622992515564
2016-02-10,Wall St. Slips as Markets Abroad Fall,Negative,0.9903330206871033
2016-02-10,Vaisala Corporation Financial Statement Release 2015,Negative,0.5875962972640991
2016-02-10,Nordic American Tankers Limited ( NYSE :NAT ) - A special company having paid dividend for 74 consecutive quarters. Strong results in 2015.,Positive,0.9326601028442383
2016-02-10,"For Obama, One Last Budget, and One Last Budget Battle With Congress",Negative,0.5594592690467834
2016-02-10,Republican Budget Tantrum,Negative,0.8616710305213928
2016-02-11,Mideast SWFs blamed for Japanese sell-off Equities,Negative,0.9696515798568726
2016-02-11,Late Sell-Off Deflates an Early Rally,Negative,0.6644285321235657
2016-02-11,Trading Post,Negative,0.5230938196182251
2016-02-12,Total tightens belt in wake of crude price slide Oil & gas,Negative,0.9911624193191528
2016-02-12,New Fear That Central Banks Are Hindering Global Growth,Negative,0.6401348114013672
2016-02-12,Black Hills Corp. Completes Purchase of SourceGas,Negative,0.9674495458602905
2016-02-12,Four-Day Losing Streak for Market as Economic Concerns Grow,Negative,0.5360785722732544
2016-02-13,Wall Street professionals put faith in the much-maligned art of technical analysis,Positive,0.9409608840942383
2016-02-13,Party is over for oil-producing nations Commodities,Negative,0.624315083026886
2016-02-13,Trail of broken trades forces a rethink Analysis: Market shocks,Negative,0.937244713306427
2016-02-13,Venezuela faces emergency measures after court ruling Presidential powers,Positive,0.8608314394950867
2016-02-13,Upbeat End to a Grim Week as Oil Rises 12 Percent,Positive,0.9741689562797546
2016-02-15,Oil majors' business model under pressure amid price rout,Negative,0.6535899043083191
2016-02-15,Technical analysts have a pretty gloomy outlook for risk capital VIEW FROM THE US,Negative,0.944751501083374
2016-02-15,Worst 12 months for high-yield funds since crisis INVESTMENT STRATEGY,Negative,0.8829774260520935
2016-02-16,The Short View,Neutral,0.6010295748710632
2016-02-16,Shell says Brazil oil will break even Forecast a boost for deepwater fields  BG tie-up adds bulk but Petrobras fears remain,Negative,0.9722138047218323
2016-02-16,Marathon Petroleum Corporation to Present at Credit Suisse Energy Summit,Positive,0.8903213739395142
2016-02-16,Global Shares Buoyed by Investor Faith,Positive,0.9905684590339661
2016-02-16,Oil Prices Hold Steady as OPEC Weighs Next Move,Neutral,0.9912274479866028
2016-02-16,Nickel leads rally after renminbi fears ease Commodities,Positive,0.9728816747665405
2016-02-16,"Witness Cites Recipe for Toxic Air, and Debt, at Puerto Rico 's Power Company",Positive,0.994353175163269
2016-02-17,"After Long Weekend, Market Extends Winning Streak",Positive,0.9644513726234436
2016-02-17,Oil Nations Embracing Plan to Lift Low Prices,Negative,0.5274902582168579
2016-02-17,Crude slide triggers expansion of ETFs' role Analysis: Commodities,Negative,0.966606080532074
2016-02-17,MacGregor signs contracts to deliver Pusnes loading systems to Cosco Shipyard Group in China,Negative,0.8040037155151367
2016-02-18,China's Deal Makers Have Disappointed,Negative,0.93818199634552
2016-02-18,Asia rig builders await calmer waters as rout bites Oil & gas: Contagion effect,Negative,0.8668168783187866
2016-02-18,Iran in low-key welcome for oil output freeze Opec ministers,Positive,0.9597905874252319
2016-02-18,Oil Price Soars and Shares Rise,Positive,0.9942501783370972
2016-02-19,Market Retreats After Corporate Earnings Disappoint,Negative,0.9863840937614441
2016-02-19,PENNZOIL CELEBRATES TEAM PENSKE'S 50th ANNIVERSARY WITH DEDICATED HALL OF FAME EXHIBIT,Positive,0.9693033695220947
2016-02-20,Iron ore rises as gold's recovery begins to wane Commodities,Positive,0.9926848411560059
2016-02-20,More bearish tone as investors draw breath after week of robust gains Global overview,Positive,0.965273916721344
2016-02-20,M&S falls in wake of earnings critique London,Negative,0.9894413948059082
2016-02-20,"Tech Stocks Move Up, but Market Barely Budges",Positive,0.6671215295791626
2016-02-20,M&S falls in wake of 'terminal decline' earnings critique London,Negative,0.9890938997268677
2016-02-20,Price of breakfast hits a 6-year low Commodities,Negative,0.9544067978858948
2016-02-22,Obstacles in the way of US oil sector mergers Oil & gas: Price falls,Negative,0.9230782985687256
2016-02-22,Trafigura to ship West Texas crude to Israel,Negative,0.8954673409461975
2016-02-23,Grease Lightning grinds to a halt as oil's troubles rock cooking fat profits,Negative,0.7965867519378662
2016-02-23,Oil slump threatens Trudeau deficit pledge Canada,Negative,0.9702370166778564
2016-02-24,Usher to retire as Marathon Petroleum chairman; Heminger to succeed,Negative,0.8313937783241272
2016-02-24,Oil price retreat weighs on stocks but triggers demand for havens Global overview,Negative,0.9908565282821655
2016-02-24,Chipotle slips as rally gives way to sell-off Wall Street,Negative,0.9902898669242859
2016-02-24,"Comstock Resources, Inc. Reports 2015 Financial and Operating Results",Negative,0.9157668948173523
2016-02-24,Chipotle slips after 'sell' call as rally gives way to broad decline Wall Street,Negative,0.9916451573371887
2016-02-24,Saudis declare oil output cut 'is not going to happen' US shale told to cut costs or go bust  Warning triggers fall in crude prices,Positive,0.9832330346107483
2016-02-24,"Oil Prices Slide, and Market Follows",Negative,0.9921871423721313
2016-02-24,Riyadh tells US shale to slash costs or go bust as it rejects production cuts,Negative,0.5895777940750122
2016-02-24,Plan to Prop Up Oil Prices Won't Have Support From Saudis,Positive,0.9769699573516846
2016-02-25,Weir and Petrofac's earnings hit as crude's slump ensnares supply-chain groups Oil & gas,Positive,0.9379720091819763
2016-02-25,Maurel & Prom : Gas reserves in Tanzania,Negative,0.9973956346511841
2016-02-25,Market Rises as Fuel Prices Pick Up,Positive,0.9894773364067078
2016-02-25,Fewer Carloads of Crude Oil Travel Across United States,Negative,0.9389593005180359
2016-02-25,American voters rage against potholed roads and poisoned water Opinion,Positive,0.9736001491546631
2016-02-25,Tesoro Logistics LP Files 2015 Form 10-K,Negative,0.9425789713859558
2016-02-26,MPLX LP Files 2015 Form 10-K,Negative,0.9584360718727112
2016-02-26,Salesforce surges on sunny outlook Wall Street,Positive,0.9864562749862671
2016-02-26,US stocks toil but Europe rallies as crude resumes downward spiral Global overview,Negative,0.6147268414497375
2016-02-26,China bullish over growth forecasts ahead of summit G20,Positive,0.9727709889411926
2016-02-26,Cloud services group Salesforce surges on sunny outlook Wall Street,Positive,0.9856114387512207
2016-02-26,Producers aim for profits at $50 per barrel oil Energy sector hopes that cost-cutting will enable it to grind out returns with crude prices languishing way below $100,Positive,0.9549760222434998
2016-02-26,"Oil Prices and Market Keep Moving in Tandem, With Both Surging",Positive,0.9574888944625854
2016-02-27,US and European equities jump as crude rallies and growth fears ease Global overview,Positive,0.9930174350738525
2016-02-27,JC Penney goes on investor shopping lists Wall Street,Positive,0.9424753189086914
2016-02-27,"Hit by Oil Price Fall, Italy 's Eni Reports $9.4 Billion Loss",Negative,0.9908492565155029
2016-02-27,Saudi minister's comments trigger slide in crude price Oil & gas,Negative,0.9888709187507629
2016-02-27,Oil price climbs to $37 as supply is disrupted Commodities,Positive,0.9885077476501465
2016-02-27,Emerging markets - is it time to take the plunge again?,Negative,0.8568978309631348
2016-02-27,JC Penney on investors' shopping lists after beating forecasts Wall Street,Positive,0.9753352999687195
2016-02-28,Stocks & Bots,Negative,0.9668186902999878
2016-02-29,Harsh market conditions put damper on US earnings hopes Reality check,Negative,0.696559488773346
2016-02-29,Oil collapse puts brakes on Italian industry Manufacturing: Outlook,Positive,0.6350938677787781
2016-02-29,Gas guzzlers drain power from hybrid cars Automobiles: Geneva Motor Show,Positive,0.9507290720939636
2016-02-29,FRO - Fourth Quarter and Full Year 2015 Results,Negative,0.8688859343528748
2016-02-29,Reinvention is needed to secure future for Big Oil Energy groups must learn to live with $50 crude or risk extinction,Positive,0.8233038187026978
2016-03-01,"Market Erases Most of February's Gains, Led by Slumping Health Care Stocks",Negative,0.9745875000953674
2016-03-01,MPLX LP 2015 K-1 Tax Packages Now Available on Company Website,Negative,0.5781095027923584
2016-03-01,Genel shares fall 40% after estimate for field reserve is halved Oil & gas,Negative,0.9510573148727417
2016-03-01,Pemex's losses last year double to $29bn Oil & gas,Positive,0.6180189847946167
2016-03-02,Shell faces UK test case over Nigeria environmental record High Court,Positive,0.9294549822807312
2016-03-02,"Best Day in Over a Month for Wall St., With Banks Leading the Way",Positive,0.9880672693252563
2016-03-03,Endeavour significantly increases Free Cash Flow on record production and lower AISC,Negative,0.8591817617416382
2016-03-03,US stocks stutter despite fresh oil price rally and positive jobs data Global overview,Positive,0.8256515264511108
2016-03-03,Business Briefing; Niger Delta Communities Sue Shell Over Pipeline Spills,Positive,0.9975330829620361
2016-03-03,High-risk gamble' sours for Hayward as reserves come up short Oil & gas: Kurdistan exploration,Negative,0.8923453092575073
2016-03-04,"Jobless Claims Up, but Layoffs Fell Sharply in February",Positive,0.6337879300117493
2016-03-04,Oil carnage leaves pipeline operators drained Analysis: Commodities,Positive,0.9926557540893555
2016-03-04,Energy Shares Lead Way to Modest Market Gain Late in Day,Positive,0.989985466003418
2016-03-05,BP Chief Gets 20% Raise in Year of Major Loss,Positive,0.9808667898178101
2016-03-05,Investors pile into US junk bond funds Capital markets,Negative,0.5569925904273987
2016-03-05,Brisk Job Creation Nudges Stocks Higher,Positive,0.5702542066574097
2016-03-05,Wall St on track for third weekly gain as jobs data dispel the gloom Global overview,Positive,0.8961036205291748
2016-03-08,Emission reductions from renewable fuel of Neste corresponds to greenhouse gas emissions of about 1.3 million cars,Positive,0.8546262383460999
2016-03-08,"Oil Prices Perk Up, Suggesting to Traders That Rebound Has Taken Hold",Positive,0.9922614693641663
2016-03-08,Temperatures rise over EDF nuclear power station project Finance chief's exit highlights fears that Hinkley Point scheme is too risky,Positive,0.8701320290565491
2016-03-08,First Delivery of Iranian Oil in Europe After Lifting of Embargo,Negative,0.9571514129638672
2016-03-09,U.S. Oil Production Forecast for 2017 Is Slashed Further,Positive,0.9905501008033752
2016-03-09,IMF calls for global action to lift demand as China exports fall Downturn risks,Positive,0.9425652027130127
2016-03-09,S.E.C. Fraud Case Says Adviser Puffed Up His Background Online,Positive,0.9295855760574341
2016-03-09,Broad Retreat in Market After a Weak Report on China Trade,Negative,0.9807896018028259
2016-03-10,Rebound lets investors breathe easy - for now Analysis: Equities,Positive,0.9682623744010925
2016-03-10,Small Gains for Market as Oil Rebounds,Positive,0.9758427739143372
2016-03-10,Gasoline demand pushes oil price up to $41 Commodities,Positive,0.9925169348716736
2016-03-11,S.&P. Has Slim Gain After Day of Swings,Positive,0.9077298045158386
2016-03-11,Shale producers lock in prices after recovery Commodities,Positive,0.8136848211288452
2016-03-11,"After 7 fat years, leaner times lie ahead for US stocks Equities",Negative,0.7499111890792847
2016-03-11,New Delhi moves to lift oil and mines output Energy,Negative,0.993931770324707
2016-03-11,Natural gas misses out on energy rebound Analysis: Commodities,Positive,0.6353379487991333
2016-03-12,Rising Oil Takes Energy Companies and Indexes Higher,Positive,0.9811611771583557
2016-03-12,A master of the art of discovery ART FINDER,Neutral,0.6195749044418335
2016-03-12,IEA sees 'light at end of tunnel' for oil prices Commodities,Negative,0.7767742872238159
2016-03-12,Possible Gas Pipeline Deal Could Spur Others,Negative,0.6358060240745544
2016-03-13,How Saudi Arabia Turned Its Greatest Weapon on Itself,Positive,0.9718908071517944
2016-03-14,Marathon Petroleum Corp. and MPLX LP announce drop-down of fee-based inland marine assets contributing approximately $120 million in annual EBITDA,Negative,0.8130810856819153
2016-03-15,Energy sector retreats as benchmark crude price slides more than 4% Wall Street,Negative,0.9922985434532166
2016-03-15,Pitfalls of commodity exchange traded product investing,Negative,0.6660107374191284
2016-03-15,Energy sector retreats as crude price slides 4% Wall Street,Negative,0.9922519326210022
2016-03-15,Crude falls back below $40 on Iran output vow Commodities,Negative,0.9895384311676025
2016-03-16,Stocks follow crude oil lower amid uncertainty ahead of Fed decision Global overview,Negative,0.9681609272956848
2016-03-16,India reform targets $25bn investment to unlock oil and gas reserves Energy independence,Negative,0.9932221174240112
2016-03-16,Drug Makers' Distress Keeps Market Down,Negative,0.9779109358787537
2016-03-17,Gorgon mega-project poised to make waves Oil & gas: Australia,Negative,0.5029067397117615
2016-03-18,FedEx gains the most since 2009 on express shipments success Wall Street,Positive,0.9923903346061707
2016-03-18,FTSE 100 boosted by miners' solid showing London,Positive,0.9905141592025757
2016-03-18,Gulf Keystone raises fears for its future Oil & gas: Debt woes,Positive,0.5072851777076721
2016-03-18,FedEx delivers biggest advance since 2009 Wall Street,Positive,0.9870478510856628
2016-03-18,A Surge Nudges the Dow Into Positive Territory for the Year,Positive,0.9870854020118713
2016-03-19,Calm resumes and US stocks go back to being overpriced,Positive,0.8559949994087219
2016-03-19,Banking sector rally fails to keep FTSE 100 in the black London,Positive,0.828630268573761
2016-03-19,Adobe climbs amid increase in cloud service subscribers Wall Street,Positive,0.9922195672988892
2016-03-19,Health Care Leads Market Higher,Positive,0.9862242937088013
2016-03-19,Investors' renewed interest in energy debt is a high-risk strategy,Positive,0.9866064786911011
2016-03-21,Fed fuels inflation-proofed bonds rally Dovish signals spark 1.7% jump in 10-year 'Tips' price   Investor outlook influenced by recovery of crude oil,Positive,0.9840461611747742
2016-03-22,Oil fallout: $150bn losses on energy company bonds spur default fears,Positive,0.9523273706436157
2016-03-22,Debt fears flare up OIL LOWER FOR LONGER FT BIG READ: ENERGY,Negative,0.9903832077980042
2016-03-22,The Short View,Neutral,0.6010295748710632
2016-03-22,Small Gain for Market as Rebound Takes Hold and Pessimism Fades,Positive,0.5905123949050903
2016-03-22,Business Briefing; Record Loss for Petrobras as Oil Slump Takes a Toll,Negative,0.9623979330062866
2016-03-22,DNO Reports Payment for Tawke Deliveries,Negative,0.5353707671165466
2016-03-23,Shares Decline After Attacks in Belgium,Negative,0.945041298866272
2016-03-23,Maurel & Prom : Note on production activity in Gabon,Negative,0.9927120208740234
2016-03-23,Wall Street's 'fear gauge' nears mid-August low Equities,Negative,0.9878646731376648
2016-03-23,Saudis to freeze oil output without Iran Commodities,Neutral,0.9966078996658325
2016-03-24,Nike runs into trouble as cautious outlook and weaker sales hit shares Wall Street,Negative,0.9640512466430664
2016-03-24,US oil shipments fall 5% since end of ban Commodities,Positive,0.6997230648994446
2016-03-24,Rosneft runs to standstill amid prolonged fall in crude prices OIL LOWER FOR LONGER,Negative,0.9880653023719788
2016-03-24,Energy and Mining Shares Drag on Market,Positive,0.8357476592063904
2016-03-24,Nike runs into trouble as weaker sales hit shares Wall Street,Negative,0.9744428396224976
2016-03-25,Sliding Financials Help Bring an End to Rally,Negative,0.9806101322174072
2016-03-26,Most Global Exchanges Close for Good Friday,Negative,0.9122626185417175
2016-03-26,Slide in crude price forces China's energy producers into painful cuts at home Oil & gas,Negative,0.9823489785194397
2016-03-28,China's industrial profits rebound Monetary easing,Negative,0.7832648754119873
2016-03-28,Commodities volatility: Bumper profits for oil traders as grains and metals struggle,Positive,0.9124982357025146
2016-03-29,A Wobbly Market on a Slow Day,Negative,0.9832181930541992
2016-03-29,Saudis on mission to regain crude market share OIL LOWER FOR LONGER State oil company is crucial to the ruling al-Sauds' efforts to recover lost ground and manoeuvre in a world of low prices,Negative,0.9730536341667175
2016-03-29,Saudi Arabia loses out in key markets as Russia and Iraq step up oil exports,Negative,0.957974910736084
2016-03-30,MPLX LP to Announce 2016 First-Quarter Financial Results April 28,Negative,0.8604974746704102
2016-03-30,Marathon Petroleum Corp. to Announce 2016 First-Quarter Financial Results April 28,Negative,0.9007330536842346
2016-03-30,Homebuilder Lennar advances as housing sector rally continues Wall Street,Positive,0.9882362484931946
2016-03-30,Lennar climbs on back of housing sector rally Wall Street,Positive,0.9892333745956421
2016-03-30,Lifting constraints on oil exports was sound policy,Neutral,0.961635947227478
2016-03-30,Bets on rising oil prices hit record level Commodities,Positive,0.990752100944519
2016-03-31,Maurel & Prom : 2015 Annual Results,Negative,0.924175500869751
2016-03-31,The Invisible Catastrophe Feature,Positive,0.7019582986831665
2016-03-31,US stocks attain fresh 2016 highs as dovish spin on Fed prevails Global overview,Positive,0.9412083625793457
2016-03-31,Shares Rise in a Wide-Ranging Rally,Positive,0.9932149648666382
2016-04-01,A Hole in North Korean Sanctions the Size of China's Border,Positive,0.9327226281166077
2016-04-01,Crude Oil Production Falls to Lowest Level Since 2014,Positive,0.9975333213806152
2016-04-01,Tranquil Last Trading Day of Stormy Quarter,Negative,0.7380611896514893
2016-04-01,Marathon Petroleum Corp. and MPLX LP complete drop-down of inland marine assets,Negative,0.6434623599052429
2016-04-02,S&P 500's record dividend run ends Equities,Negative,0.857968807220459
2016-04-02,"Shares Climb, Spurred by Solid Jobs Report",Positive,0.9790197014808655
2016-04-02,Investors find it hard to know what April Fool's data to believe,Negative,0.843155562877655
2016-04-02,Volatility spurs investors to seek safety of cash Capital markets,Positive,0.9438877701759338
2016-04-03,The Cloud,Neutral,0.42818328738212585
2016-04-04,Old and new go separate ways in China Economy: Earnings divergence,Negative,0.8816041350364685
2016-04-05,Saudis move to slow Iran 's oil exports Commodities,Positive,0.9854297637939453
2016-04-05,Wall St. Edges Down in Light Trading,Negative,0.9904228448867798
2016-04-05,Technical glitches force Chevron to halt output at LNG project Oil & gas,Positive,0.4842282235622406
2016-04-06,Tesoro Logistics LP to Release First Quarter Earnings,Negative,0.9225414991378784
2016-04-06,Corporates in longest period of decline since end of crisis US equities,Negative,0.9834094047546387
2016-04-06,Down Day on Wall St. and Across the Globe,Negative,0.9890663623809814
2016-04-06,A 'shot in the arm' that missed its target OIL: LOWER FOR LONGER FT BIG READ: OIL PRICE,Negative,0.9901837706565857
2016-04-07,Stocks bounce back as oil prices rise amid upbeat Chinese outlook Global overview,Positive,0.9921765923500061
2016-04-07,"Oil Prices Jump, and Shares on Wall Street Follow Suit",Positive,0.9929651021957397
2016-04-08,Oil swings on output freeze uncertainty Commodities,Negative,0.9412703514099121
2016-04-08,Teapots' challenge oil groups as growth slows Commodities,Negative,0.9397714734077454
2016-04-08,Decline in Bank and Tech Shares Drives the Market Lower,Negative,0.9758575558662415
2016-04-08,Putin's balance sheet FT BIG READ: RUSSIA,Positive,0.8956509828567505
2016-04-08,Sliding crude oil prices undermine stocks as risk-off mood endures Global overview,Negative,0.9899601936340332
2016-04-09,A Strong Week for Oil Prices Is Rockier for Shares,Positive,0.7409353852272034
2016-04-09,Bordeaux on the brink Wine,Positive,0.6194549798965454
2016-04-09,Bordeaux on the brink Food and Drink - Wine,Positive,0.914981484413147
2016-04-10,Looking for Solid Footing,Positive,0.7627982497215271
2016-04-10,Looking for Signs of Life in Emerging Markets,Positive,0.9202827215194702
2016-04-11,BlackRock tightens its grip on Europe INVESTMENT STRATEGY,Negative,0.9304689168930054
2016-04-11,"Opec 's days as economic force are 'over' IHS vice-chairman attacks 'divided' body  Organisation undone by inability to agree on oil crisis, warns Yergin",Negative,0.8495562672615051
2016-04-11,Producers seek survival strategies Commodities: FT Global Summit,Negative,0.7601141929626465
2016-04-12,DNO Reports Payment for Tawke Deliveries,Negative,0.5353707671165466
2016-04-12,National Oilwell Varco slides after dividend cut Wall Street,Negative,0.9316283464431763
2016-04-12,Brent rallies ahead of Doha output meeting Commodities,Positive,0.9870368242263794
2016-04-12,NOV shares slide after dividend cut setback Wall Street,Negative,0.985518217086792
2016-04-12,Cautiously positive mood reigns ahead of US earnings season Global overview,Positive,0.9340879917144775
2016-04-12,Modest Loss for Market at Outset of Earnings Season,Negative,0.9808436036109924
2016-04-12,Oil Freeze May Rest on a Thaw in Tensions,Negative,0.9773496985435486
2016-04-13,What happens next? FT BIG READ: IRAQ,Negative,0.7517983317375183
2016-04-13,Corporate oil and gas players in Africa,Positive,0.7637959122657776
2016-04-13,US and European equities boosted as oil surges on output freeze hopes Global overview,Positive,0.9909852743148804
2016-04-13,Report of Oil Reductions Lifts Shares,Positive,0.593094527721405
2016-04-14,Bank Stocks Lead to Solid Market Gains,Positive,0.9584664702415466
2016-04-14,Why the Russian Economy Is Tumbling,Negative,0.6958613395690918
2016-04-14,Nigeria 's new start is in danger of derailing Buhari is paying the price for deferring tough decisions early on,Positive,0.6947048306465149
2016-04-15,Banks and Airlines Rise as Most Shares Hardly Move,Positive,0.9917874932289124
2016-04-15,IEA expects 'limited' impact from oil freeze Commodities,Negative,0.9272584915161133
2016-04-15,Energy junk yields dip as Brent rallies Capital markets,Negative,0.9901127815246582
2016-04-16,Big banks' results put financials on track for best week in a month Wall Street,Positive,0.9216874241828918
2016-04-16,Financials on track for best week in a month Wall Street,Positive,0.9760303497314453
2016-04-18,Corporate defaults accelerate as oil producers and miners are hit hard Financials,Negative,0.5330265760421753
2016-04-18,What Iran Needs to Fix,Positive,0.9413067102432251
2016-04-19,Opec 's dominance has hinged on a monopoly of transport demand,Negative,0.5713392496109009
2016-04-19,"Rally by Energy Shares Helps Dow Top 18,000",Positive,0.9891030788421631
2016-04-19,Uncertainty Back for Oil; Saudi Hints at Price War,Positive,0.7287153601646423
2016-04-19,MPLX LP Increases Quarterly Distribution,Negative,0.7256282567977905
2016-04-19,S&P heads for year high as volatile oil price turns losses into gains Global overview,Negative,0.5688233375549316
2016-04-19,Favoured son emerges as main voice on Saudi energy policy How the first global oil deal in 15 years came undone after prince intervened,Negative,0.6872214078903198
2016-04-20,Venezuela disruption set to cut crude output Oil & gas,Positive,0.990975558757782
2016-04-20,TESORO LOGISTICS LP ANNOUNCES 20TH CONSECUTIVE QUARTERLY DISTRIBUTION INCREASE,Positive,0.5249861478805542
2016-04-20,China's gold price benchmark to rival London Commodities,Positive,0.9892270565032959
2016-04-20,Oil price buoyed by supply disruptions Commodities,Positive,0.9576354622840881
2016-04-22,Hopes of bullish investors rest on oil proving its resilience,Positive,0.9372523427009583
2016-04-22,Nigeria 's lenders shaken by crude price fall Banks: Earnings challenge,Negative,0.9784076809883118
2016-04-22,A Three-Day Winning Streak Ends on Wall Street,Negative,0.5270761847496033
2016-04-22,Crude hits highest level since November Commodities,Positive,0.9910328984260559
2016-04-22,Europe Says U.S. Keeps It From Trading With Iran,Neutral,0.953458309173584
2016-04-22,$10 Billion Loan to Saudi Arabia Carries Risks,Negative,0.6842812299728394
2016-04-23,Rebound in Energy Offsets a Slide in Tech Shares,Positive,0.9658141732215881
2016-04-23,Crude rebound leads materials rally Commodities,Positive,0.98838871717453
2016-04-23,Wary investors withdraw from equity funds Capital markets,Negative,0.9565629959106445
2016-04-23,New force in Saudi oil adds to price-war fears Analysis: Commodities,Positive,0.926332414150238
2016-04-25,"Nigeria oil production to drop sharply, industry chiefs warn Africa",Positive,0.9975172281265259
2016-04-25,"It's a Stretch, but McConnell Is Reaching Across the Aisle",Positive,0.9358566403388977
2016-04-26,Energy Shares Lead a Market Retreat,Positive,0.8345063328742981
2016-04-26,Vaisala Corporation Interim Report January-March 2016,Negative,0.9027434587478638
2016-04-26,Stocks make a nervous start as the recovery in oil prices falters Global overview,Negative,0.9039235711097717
2016-04-27,Oil output optimism helps Pioneer to rise above expectations Wall Street,Negative,0.9894387125968933
2016-04-27,Marathon Petroleum Corporation Announces Dividend,Negative,0.9320424795150757
2016-04-27,Neste 's Interim Report for January-March 2016,Negative,0.8996490836143494
2016-04-27,Mixed Results for the Market as Oil Rises and Tech Falls,Positive,0.8836787939071655
2016-04-27,MURPHY OIL CORPORATION ANNOUNCES NON-CORE ASSET SALE - DIVESTS INTEREST IN SYNCRUDE JOINT VENTURE FOR C$937 MILLION,Negative,0.9377908706665039
2016-04-27,Oil optimism helps Pioneer to beat forecasts Wall Street,Positive,0.9668324589729309
2016-04-27,MPLX LP Announces $1 Billion Private Placement of 6.5% Series A Convertible Preferred Units,Negative,0.9527897834777832
2016-04-28,Oil rebounds on hopes of shrinking surplus Commodities,Positive,0.9720014929771423
2016-04-28,Maurel & Prom : Activity for the first quarter of 2016,Negative,0.9612728357315063
2016-04-28,Crude rally buoys Europe's stocks as Apple takes toll on US and Asia Global overview,Positive,0.9890798926353455
2016-04-28,MPLX LP Reports First-Quarter 2016 Financial Results,Negative,0.9303914308547974
2016-04-28,Marathon Petroleum Corporation Reports First-Quarter 2016 Results,Negative,0.8495723605155945
2016-04-28,Wall Street Mostly Higher as Energy Shares Advance,Positive,0.9854062795639038
2016-04-28,The Short View,Neutral,0.6010295748710632
2016-04-29,Apple 's Slumping Shares Lead Market Lower,Negative,0.9836817979812622
2016-04-29,ENR RUSSIA INVEST SA ANNOUNCES 2015 RESULTS AND ATTRIBUTABLE NET ASSET VALUE PER SHARE AT END FIRST QUARTER 2016,Negative,0.9786720275878906
2016-04-29,UN blacklists tanker carrying illicit oil from eastern Libya Embargo,Positive,0.9942584037780762
2016-04-30,Exxon rises 1.1% as drops in sales and earnings manage to beat forecasts Wall Street,Positive,0.7993962168693542
2016-04-30,Bunds look frothy a year after tantrum,Negative,0.8675305843353271
2016-04-30,Exxon Mobil May Have Hit Its Low Point,Negative,0.9281732439994812
2016-04-30,Oil on track for biggest monthly gain in 7 years Commodities,Positive,0.9897801876068115
2016-04-30,Tech and Health Results Push Markets Down,Negative,0.9457900524139404
2016-05-01,Solid Job That Still Exists No. 4,Negative,0.8170220255851746
2016-05-02,China's Flood of Cash Roils Egg Futures,Positive,0.9140446186065674
2016-05-02,"Nordic American Tankers Limited ( NYSE :NAT ) - Acquiring Four Crude Oil Suezmax Tankers (150,000dwt) - Increasing the Fleet of NAT from 26 to 30 Vessels in One Transaction.",Negative,0.7853456139564514
2016-05-02,Low bar: US earnings meet wary response,Negative,0.9534416794776917
2016-05-03,Wall St. Ends Higher After a Week of Declines,Positive,0.9830885529518127
2016-05-03,Recycling Nature's Garbage,Positive,0.6776492595672607
2016-05-04,Beijing market crackdown fails to cool traders' casino mentality Regulator faces uphill struggle trying to rein in youthful exuberance on commodities exchanges,Positive,0.6084365844726562
2016-05-04,TESORO CORPORATION REPORTS 2016 FIRST QUARTER RESULTS,Negative,0.856229305267334
2016-05-04,TESORO LOGISTICS LP REPORTS FIRST QUARTER 2016 RESULTS,Negative,0.9525623321533203
2016-05-04,Dollar swings to 15-month low as prospect of Fed action recedes Global overview,Negative,0.9816645383834839
2016-05-04,Wall St. Retreats on Fears for China and Europe,Negative,0.9914467334747314
2016-05-04,Oil price rise prompts fears of more 'zombie companies',Positive,0.9880989193916321
2016-05-04,MURPHY OIL CORPORATION ANNOUNCES PRELIMINARY FIRST QUARTER 2016 FINANCIAL AND OPERATING RESULTS,Negative,0.9754923582077026
2016-05-04,Teapot' refiners look to bypass middlemen Commodities,Negative,0.7448870539665222
2016-05-04,Wall Street Retreats on Fears for China and Europe,Negative,0.9903594255447388
2016-05-05,Market Continues Its Retreat After a Weak Jobs Report,Negative,0.9892744421958923
2016-05-06,Canadian Wildfires Curtail Oil Sands Production,Positive,0.9961131811141968
2016-05-06,Oil benchmarks jump after Canada wildfire Commodities,Positive,0.9922065138816833
2016-05-06,"Wall St. Rises, Helped by Oil Prices",Positive,0.9901572465896606
2016-05-06,Wall Street Ends Close to Where It Started,Negative,0.6626898050308228
2016-05-07,Now I'm the king of bad times',Positive,0.9205415844917297
2016-05-07,Market Gains Modestly Despite Weak Jobs Data,Positive,0.9885474443435669
2016-05-07,China's speculators rattle raw materials traders Analysis: Commodities,Negative,0.9599725604057312
2016-05-07,Now I'm the king of bad times' Cover Story,Positive,0.8844617009162903
2016-05-09,Fires expected to have big impact on growth Canada,Positive,0.9673008322715759
2016-05-09,Tesoro Logistics LP Announces Intention to Offer $250 Million of Senior Notes due 2021 and $350 Million of Senior Notes due 2024,Negative,0.7191637754440308
2016-05-09,Tesoro Logistics LP Announces Pricing of $700 Million of Senior Notes,Positive,0.6490656137466431
2016-05-09,Nordic American Tankers ' 1Q2016 Report ( NYSE :NAT ) - NAT is very different from other tanker companies. Operating cash flow remains stable. Cash dividend declared for the 75th time.,Neutral,0.9708709120750427
2016-05-09,"A Canadian Boom Town, Left Smoldering in Ashes",Negative,0.5565791726112366
2016-05-09,Anger Overflows in Nigeria as Economy Dives,Negative,0.9518194794654846
2016-05-10,Anger Overflows in Nigeria as Its Economy Dives,Negative,0.9352020621299744
2016-05-10,"Metals and Energy Lose, as Drug Makers Gain",Negative,0.9493011832237244
2016-05-11,Russian gang suspected of money scam on ICE market Firms were allegedly used as fronts   London inquiry freezes $22m,Positive,0.9221609830856323
2016-05-11,Wall St. Sees Chinese Stimulus as a 'Ray of Sunshine',Positive,0.9789446592330933
2016-05-12,Mercuria opens physical gas and power trade Commodities,Negative,0.968860924243927
2016-05-12,Losses in Retailing and Health Drag Down Indexes,Negative,0.9741960167884827
2016-05-13,SFL - Sale of older VLCC,Negative,0.9034060835838318
2016-05-13,A Day of Churn Ends Tightly Mixed,Negative,0.7678834795951843
2016-05-13,MPLX LP Announces Closing of $1 Billion Private Placement of 6.5% Series A Convertible Preferred Units,Negative,0.9725971817970276
2016-05-13,MURPHY OIL CORPORATION CLOSES KAYBOB DUVERNAY AND LIQUIDS RICH PLACID MONTNEY JOINT VENTURE,Negative,0.9729934930801392
2016-05-14,Antony Gormley: Cast,Negative,0.5730578303337097
2016-05-14,Wall St. Continues to Sink as Retail Woes Mount,Negative,0.9891258478164673
2016-05-14,Supply disruptions push oil prices higher Commodities,Positive,0.9734694361686707
2016-05-17,Higher Oil Prices Lift Wall St. Out of the Doldrums,Positive,0.9866357445716858
2016-05-17,Africa has to go through its own industrial revolution Opinion,Positive,0.857776403427124
2016-05-18,"SEB: Nordic Outlook: Difficult policy choices amid slow global growth - Sweden is on a roll, but its path ahead is not risk-free",Negative,0.707005500793457
2016-05-18,Unease Over Interest Rates Reverses Market Rally,Negative,0.9732436537742615
2016-05-18,Fire Upends Plan to Restart Oil Sands Operations,Negative,0.9519163966178894
2016-05-19,Oil price revival reaches a crossroads Analysis: Commodities,Positive,0.985621988773346
2016-05-19,Crude storage futures demand picks up pace Commodities,Positive,0.9919862747192383
2016-05-19,MPLX LP begins operations at Hidalgo Complex in the Delaware Basin,Negative,0.9964509010314941
2016-05-19,Eon and RWE push ahead with shake-up plans Utilities have little choice but to overhaul their operations as Germany 's switch to renewable energy takes heavy toll,Positive,0.6211205720901489
2016-05-19,Latest Fed Minutes Throw Cold Water on a Rally,Negative,0.6967993378639221
2016-05-20,Oil slides on dollar strength and rising output Commodities,Negative,0.9509249329566956
2016-05-20,Buoyant petrol demand adds pace to oil prices Analysis: Commodities,Positive,0.9907686114311218
2016-05-20,Wall St. Slumps as Investors Gird for Rate Increase,Negative,0.9859625697135925
2016-05-24,Choppy Day of Trading Alters Little for Markets,Negative,0.8551927804946899
2016-05-24,Hesitant note on stocks as oil loses ground and focus turns to US rates Global overview,Negative,0.9829583764076233
2016-05-24,Universal Display lifts on iPhone prospects Wall Street,Positive,0.993314802646637
2016-05-24,Universal Display rallies on iPhone prospects Wall Street,Positive,0.9925770163536072
2016-05-24,Joey Logano Million-Dollar Win Powered By Shell Technology Under The Hood,Positive,0.9790613055229187
2016-05-25,Wall Street Up Sharply on Tech and Bank Gains,Positive,0.9937562942504883
2016-05-25,Iran fulfils pledge to increase crude production Analysis: Commodities,Negative,0.9965324401855469
2016-05-25,MPLX LP to present at MLPA 2016 Investor Conference,Positive,0.6775336265563965
2016-05-26,US crude hits 7-month high as inventories fall Oil & gas,Negative,0.5253691077232361
2016-05-26,Energy and Banks Lift Market,Positive,0.9829718470573425
2016-05-26,Beijing warned over lack of price-setting clout Commodities,Positive,0.6233822107315063
2016-05-26,Refineries strikes force France to tap into strategic fuel reserves Industrial action,Negative,0.9944633841514587
2016-05-27,DNO Reports Payment for Tawke Deliveries,Negative,0.5353707671165466
2016-05-27,Cautious tone grips equities as crude rally loses momentum Global overview,Negative,0.5492652058601379
2016-05-28,Shares Wrap Up Best Week in 3 Months,Positive,0.979526937007904
2016-05-28,Supply disruptions affect physical oil but not enough for out of control bull market,Positive,0.5267590284347534
2016-05-30,Something is not quite right in the market for physical oil VIEW FROM THE US,Positive,0.6415858268737793
2016-05-31,FRONTLINE LTD. REPORTS RESULTS FOR THE FIRST QUARTER 2016,Negative,0.939844012260437
2016-06-01,Gunvor works to break free from Russian roots Oil trader rumoured to have had links toVladimir Putin has accelerated its transformation into a global energy group,Positive,0.7860482335090637
2016-06-01,Market Is Mixed Despite Utility Gains,Positive,0.9316148161888123
2016-06-01,DNO Reports Payment for Tawke Deliveries,Negative,0.5353707671165466
2016-06-02,Opec 's 'fragile five' despair over return of $50 oil Analysis: Commodities,Negative,0.8390774726867676
2016-06-02,"Shell Continues Heritage Theme in 2016 with Darlington Southern 500 ""Throwback""",Positive,0.9358028769493103
2016-06-02,Market Ticks Up as Traders Assess Data,Positive,0.9878109097480774
2016-06-02,Big stones sparkle to deceive as market remains weak,Negative,0.9830902814865112
2016-06-03,Markets Rebound on Health Care Shares,Positive,0.9875183701515198
2016-06-03,Modernizing Saudi Minister Keeps OPEC 's Oil Flowing,Neutral,0.9911953210830688
2016-06-04,Modest Winning Streak Ends for Market,Negative,0.9137698411941528
2016-06-06,"Tesoro Logistics LP Prices Public Offering of 5,500,000 Common Units",Negative,0.890842080116272
2016-06-06,"Tesoro Logistics LP Announces Public Offering of 4,250,000 Common Units",Negative,0.9655615091323853
2016-06-06,"Kalashnikov, Maker of AK-47, Looks to Rebrand",Positive,0.6353456974029541
2016-06-07,Devon rises after it unveils near-$1bn divestiture move Wall Street,Positive,0.9802983403205872
2016-06-07,Tesoro Logistics LP Announces Exercise of Option in Public Offering,Negative,0.6313255429267883
2016-06-07,Market Is Higher After Yellen's Remarks on Fed Rates,Positive,0.9829665422439575
2016-06-07,Lukoil raises investment in effort to ramp up production Oil & gas,Negative,0.9910097122192383
2016-06-07,"Sterling falls on Brexit fears, but dollar steadies after payrolls dip Global overview",Negative,0.9872817397117615
2016-06-07,A Makeover for Kalashnikov,Positive,0.8686599135398865
2016-06-08,Biogen falls following failed clinical trial of multiple sclerosis drug Wall Street,Negative,0.9736363291740417
2016-06-08,Trafigura pips Glencore on oil trading Oil & gas,Negative,0.9546875953674316
2016-06-08,Wall St. Ends Mixed as Oil Prices Strengthen,Positive,0.8919999003410339
2016-06-09,Brent crude hits $52 as US inventories shrink Commodities,Negative,0.9677969217300415
2016-06-09,Shares Rise as Dollar and Oil Provide Underpinnings,Positive,0.9919994473457336
2016-06-10,Wall Street Finishes Lower After 3 Days of Gains,Negative,0.9910195469856262
2016-06-10,"Nearly 8,000 jobs lost in North Sea oil and gas sector Downturn impact",Positive,0.902172863483429
2016-06-10,Oil price recovery is a delicate balancing act Analysis: Commodities,Positive,0.9870867729187012
2016-06-10,Wall St. Slides as Oil Prices Slump,Negative,0.9928897619247437
2016-06-10,Venezuela defies odds to pay bond investors Debt servicing,Negative,0.6514021754264832
2016-06-11,Wall Street Loses Ground as Oil Prices Slump,Negative,0.9915416836738586
2016-06-13,Investor demand strong for risky debt Energy,Positive,0.9860617518424988
2016-06-13,Joey Logano returns to Victory Lane powered by Shell Technology under the hood,Positive,0.9760004878044128
2016-06-13,Bets on integration pay off for energy groups Pressure on oil majors to spin off downstream operations has eased as refineries shore up profits amid lower prices,Negative,0.8973379731178284
2016-06-13,FRO - Sale of six medium range tankers,Negative,0.5366057753562927
2016-06-14,Wall Street Numbers Fall Ahead of Fed Meeting,Negative,0.9870498776435852
2016-06-15,Market Fall Continues as Fed Meeting Begins,Negative,0.9911324381828308
2016-06-16,Modest Losses in Market on Fed Inaction and 'Brexit' Concerns,Negative,0.9777251482009888
2016-06-17,Market Ends a Losing Streak,Negative,0.9405323266983032
2016-06-17,Health and Tech Shares Lead a Down Day for the Market,Negative,0.9758351445198059
2016-06-18,Gun Control Compromise Offered by G.O.P. Senator,Positive,0.8094534277915955
2016-06-18,Health and Tech Shares Lead a Down Day for the Market,Negative,0.9758351445198059
2016-06-21,"As Fears of Brexit Ease, Wall St. Thrives",Positive,0.8409163951873779
2016-06-21,DNO Reports Payment for Tawke Deliveries,Negative,0.5353707671165466
2016-06-21,Oil and copper resurgent on Remain win hopes Commodities,Positive,0.9900499582290649
2016-06-21,Equities and crude oil climb as Leave campaign starts to stutter Global overview,Positive,0.9913129210472107
2016-06-22,MHI weighs up its future in cruise ships after $1.8bn write-off Industrials,Negative,0.5145577788352966
2016-06-22,Brexit worries overshadow Yellen speech as uneasy calm pervades Global overview,Negative,0.8639018535614014
2016-06-22,Marathon Petroleum Corporation to present at J.P. Morgan Energy Equity Conference June 27,Positive,0.8259790539741516
2016-06-22,Testimony by Yellen Nudges the Market Higher,Positive,0.9585264921188354
2016-06-23,MURPHY OIL CORPORATION CLOSES SYNCRUDE DIVESTITURE,Negative,0.9600837826728821
2016-06-23,Shares Fall on Energy and Tech Troubles,Negative,0.9810025691986084
2016-06-23,DNO Reports Payment for Tawke Deliveries,Negative,0.5353707671165466
2016-06-24,U.S. Market Rises as Britons Vote,Positive,0.9906195402145386
2016-06-24,South Korean shipbuilders face their worst crisis Concern grows for prospects of three biggest groups as they stagger under mountain of debts and dearth of new orders,Negative,0.9354723691940308
2016-06-27,Saudi Arabia gears up for debut bond issue Financials,Positive,0.8986267447471619
2016-06-28,Tesoro acquires Dakota Prairie Refining business in North Dakota,Negative,0.978356659412384
2016-06-28,Britons face four hits to one boon in brave new post-EU world Consumer impact,Positive,0.7472817897796631
2016-06-28,Oil slides and gold rallies as risk aversion rises Commodities,Positive,0.9678726196289062
2016-06-28,Wartsila supplies 161 MW Flexicycle power plant to Saudi Arabia,Negative,0.9935774207115173
2016-06-29,Wall St. Rises After Economic and Housing News,Positive,0.9771953225135803
2016-06-29,Marathon Petroleum Corp. to announce 2016 second-quarter financial results July 28,Negative,0.9135468006134033
2016-06-29,MPLX LP to announce 2016 second-quarter financial results July 28,Negative,0.9170889258384705
2016-06-29,Devon Energy climbs 6% as equities regain ground Wall Street,Positive,0.9928075075149536
2016-06-29,Devon Energy climbs 6% as equities regain ground Nicole Bullock Wall Street,Positive,0.9917388558387756
2016-06-30,Dow and S.& P. Climb Into the Black for the Year,Positive,0.9894484281539917
2016-06-30,Blue-chips recover and the pound rises as Brexit concerns recede Global overview,Positive,0.9914230704307556
2016-06-30,Murphy leads energy gainers as falling crude inventories boost Brent Wall Street,Negative,0.945436418056488
2016-06-30,Murphy leads energy rally as falling crude inventories boost Brent Wall Street,Negative,0.9341240525245667
2016-07-01,Takeover News Drives Market Higher for 3rd Day,Positive,0.9896155595779419
2016-07-01,Tesoro Corporation to Sell Alaska Storage and Terminalling Assets to Tesoro Logistics,Negative,0.966896116733551
2016-07-01,Tesoro Logistics to Acquire Alaska Storage and Terminalling Assets from Tesoro Corporation,Negative,0.962023913860321
2016-07-01,Wall St. Edges Up for 4th Day of Gains,Positive,0.9921769499778748
2016-07-02,Shares End Week on Upbeat Note,Positive,0.9270926713943481
2016-07-04,Guangzhou Africans hit by commodities crash back home Chinese trade: Two-way slump,Negative,0.9613947868347168
2016-07-05,Tesoro Logistics LP to Release Second Quarter Earnings,Negative,0.9187344908714294
2016-07-05,A Four-Day Rally on Wall St. Skids to a Stop,Negative,0.5023395419120789
2016-07-05,US oil reserves surpass Saudi and Russian levels Commodities,Negative,0.9970930814743042
2016-07-05,Slide in energy sector earnings poised to take toll on S&P 500 Wall Street,Negative,0.9703714847564697
2016-07-06,Four-Day Rally Skids to a Stop,Negative,0.9257190823554993
2016-07-06,Consumer and Drug Shares Nudge the Market Higher,Positive,0.9910609126091003
2016-07-07,What happened when the pit stopped FT BIG READ: TRADING,Negative,0.9450670480728149
2016-07-07,Consumer and Drug Shares Nudge the Market Higher,Positive,0.9910609126091003
2016-07-08,US earnings poised to leave bulls disappointed Analysis: Equities,Negative,0.8797250986099243
2016-07-08,World energy body warns that cheap crude increases reliance on Mideast oil,Positive,0.9629548788070679
2016-07-08,Market Wavers as Oil Prices Drop,Negative,0.9915024042129517
2016-07-08,Pipelines to profits FT BIG READ: ENI,Negative,0.70180743932724
2016-07-09,Rousing Jobs Report Sends Wall St. Soaring,Negative,0.5218204855918884
2016-07-12,"S.&P. 500 Hits Record, as Dow Nears Peak",Positive,0.9773455858230591
2016-07-12,Dividend-paying utilities and telecoms sate thirst for yield Wall Street,Positive,0.8224241733551025
2016-07-13,Saudi oil output rises on seasonal surge Commodities,Negative,0.9969395399093628
2016-07-13,Market Rally Continues With New Highs,Positive,0.98734450340271
2016-07-14,GKN takes a dive as Airbus scales back production targets London,Negative,0.927236020565033
2016-07-14,Market Manages to Eke Out Tiny Gains and More Records,Positive,0.8508660793304443
2016-07-15,U.S. Investors' Spirits Rise With Early Bank Reports,Positive,0.9921010136604309
2016-07-15,Market Is Little Changed After Five-Day Rally,Positive,0.6959458589553833
2016-07-15,Oil recovery faces threat from fuel glut Analysis: Commodities,Positive,0.9378292560577393
2016-07-16,New US shale revealed as lowest-cost oil prospect Oil & gas,Negative,0.9597517848014832
2016-07-16,Market Slows After Five-Day Rally,Negative,0.9905195236206055
2016-07-18,"Trying to 'Salvage' Nation, Nigeria 's President Faces a Crisis in Every Direction",Positive,0.9258215427398682
2016-07-18,Small US oil producers urge import limits Energy,Negative,0.9469783902168274
2016-07-19,Stocks hit 2016 highs as sentiment is bolstered by central bank hopes Global overview,Positive,0.9803752303123474
2016-07-19,"Wall St. Edges Higher Still, as Tech Leads the Way",Positive,0.9879675507545471
2016-07-20,TESORO LOGISTICS LP ANNOUNCES 21ST CONSECUTIVE QUARTERLY DISTRIBUTION INCREASE,Negative,0.5793076157569885
2016-07-20,Markets Throttle Down After Mixed Earnings Reports,Negative,0.9888918995857239
2016-07-21,Vaisala Corporation Half Year Financial Report 2016,Negative,0.9406949877738953
2016-07-21,Wall St. Edges Into Record Territory as Earnings Cheer Traders,Positive,0.9886625409126282
2016-07-21,Disney delivers a decline as media unit faces increased rights costs Wall Street,Negative,0.9750148057937622
2016-07-22,Wall St. Edges Higher on Mixed Earnings,Positive,0.987351655960083
2016-07-22,Dow 's Longest Winning Streak in 3 Years Comes to an End,Positive,0.6502912044525146
2016-07-23,India targets oil consumption top spot Analysis: Commodities,Positive,0.7777279019355774
2016-07-23,"S.&P. Edges Higher, Setting Yet Another Record",Positive,0.9919365644454956
2016-07-26,US energy sector sinks on resurgence of oil price concerns Wall Street,Negative,0.9905151128768921
2016-07-27,Wall St. Wavers as Investors Assess Corporate Earnings Reports This Week,Negative,0.7432337403297424
2016-07-27,MURPHY OIL CORPORATION ANNOUNCES PRELIMINARY SECOND QUARTER 2016 FINANCIAL AND OPERATING RESULTS,Negative,0.9770784378051758
2016-07-27,Marathon Petroleum Corp. increases dividend 12.5 percent,Positive,0.712965190410614
2016-07-27,Maurel & Prom : Activity for the first half of 2016,Negative,0.9672299027442932
2016-07-27,Reformed Putin is a model of economic sobriety Opinion,Positive,0.9185540080070496
2016-07-27,Oil volatile amid concerns over gasoline stocks Commodities,Positive,0.8088609576225281
2016-07-28,Neste 's Interim Report for January-June 2016,Negative,0.9027332663536072
2016-07-28,Indexes Close Mixed as Fed Stands Pat,Negative,0.9483729600906372
2016-07-28,MPLX LP Reports Second-Quarter 2016 Financial Results,Negative,0.9338077306747437
2016-07-28,Britain 's premature bid for global trade deals The UK first needs to decide its economic relationship with the EU,Positive,0.8089058995246887
2016-07-28,Marathon Petroleum Corporation Reports Second-Quarter 2016 Results,Negative,0.9040001630783081
2016-07-29,Oil price volatility adds to jitters ahead of BoJ decision on stimulus Global overview,Positive,0.9680260419845581
2016-07-29,Shell profits tumble as crude retreats Oil & gas,Negative,0.9847465753555298
2016-07-29,"Gloomy Days in the Oil Patch, but Some See a Glimmer of Light",Negative,0.7116469740867615
2016-07-29,Crude data being tapped to divine oil prices Analysis: Commodities,Negative,0.7084035873413086
2016-07-29,Wall St. Closes Mainly Higher as Oil Prices Reverse Decline,Negative,0.9710321426391602
2016-07-29,Wall St. Edges Higher as Investors Assess Mixed Earnings,Positive,0.9872074723243713
2016-07-30,Exxon and Chevron woe caps miserable week for oil majors US groups see drop in Q2 earnings   Fresh crude price dip signals more pain,Negative,0.9875074028968811
2016-07-30,"Energy Companies Retrench, but a Global Oil Glut Persists",Negative,0.8698394298553467
2016-07-30,Crude tankers cluster round UK coast Commodities,Positive,0.6845074892044067
2016-07-30,Oil Prices Keep Market Gains in Check,Positive,0.9711104035377502
2016-08-01,Maurel & Prom : Agreement between Pacifico and Pertamina,Positive,0.7160034775733948
2016-08-01,Oil Train Hazards Cast Doubt in Northwest,Positive,0.9908336997032166
2016-08-01,"Comstock Resources, Inc. Reports Second Quarter 2016 Financial and Operating Results",Negative,0.9283744692802429
2016-08-01,Oil and gas workers find refuge in the classroom,Negative,0.6270137429237366
2016-08-02,Crude at 3-month low as Opec output climbs Commodities,Negative,0.8510630130767822
2016-08-02,Shares Are Lower as Oil Prices Plummet,Negative,0.9920799136161804
2016-08-02,Marathon Petroleum Corporation agrees to equity participation in Bakken Pipeline system,Positive,0.7650811672210693
2016-08-03,MURPHY OIL CORPORATION ANNOUNCES DIVIDEND,Negative,0.9595302939414978
2016-08-03,TESORO CORPORATION REPORTS 2016 SECOND QUARTER RESULTS,Negative,0.8913047313690186
2016-08-03,TESORO LOGISTICS LP REPORTS SECOND QUARTER 2016 RESULTS,Negative,0.9661258459091187
2016-08-03,Oil rebound stalls while European stocks fall as banking fears surface Global overview,Negative,0.7371861934661865
2016-08-03,BOURBON : 2nd Quarter and 1st Half 2016 Revenues,Negative,0.9733240604400635
2016-08-04,Oil glut fears weigh on equities and EM bonds Commodities,Negative,0.9771844744682312
2016-08-04,Wall St. Gains After Hiring Report,Positive,0.9814245104789734
2016-08-05,Carney's easing sparks 'knee-jerk drop in sterling' and bond yields Global overview,Negative,0.8866355419158936
2016-08-05,Protect the West From a Black-Gold Rush Op-Ed Contributor,Positive,0.9325215816497803
2016-08-05,A Black-Gold Rush Threatens the West,Positive,0.8473576903343201
2016-08-05,"On Eve of Jobs Report, Wall St. Ends Flat",Negative,0.8938896059989929
2016-08-05,Wall St. Ends Higher on Strong Jobs Report,Positive,0.9795571565628052
2016-08-06,Oil's retreat spurs exits from high-yield funds Capital markets,Negative,0.9804638028144836
2016-08-06,Wall St. Ends Higher on Strong Jobs Report,Positive,0.9795571565628052
2016-08-08,Nordic American Tankers ' 2Q2016 Report ( NYSE :NAT ) - The NAT 30 unit fleet has a substantial earnings capacity. Technical quality is at the top. Cash dividend declared for the 76th time.,Negative,0.8547080159187317
2016-08-08,DNO Reports Payment for Tawke Deliveries,Negative,0.5353707671165466
2016-08-09,Caution returns as consolidation sets in after US jobs report gains Global overview,Positive,0.9381534457206726
2016-08-09,U.S. Markets Edge Back From Last Week's Highs,Positive,0.968510091304779
2016-08-10,"Wall St. Gains, Despite Lackluster Energy Shares and Retailers",Positive,0.9881759881973267
2016-08-10,European stocks charge ahead as bulls focus on stimulus prospects Global overview,Positive,0.9432852268218994
2016-08-10,MURPHY OIL CORPORATION ANNOUNCES INTENT TO ENTER INTO NEW CREDIT FACILITY,Negative,0.916438639163971
2016-08-10,Oil groups struggle with tricky balancing act Majors seek to squeeze costs while tapping long-term opportunities after abandoning hopes of higher crude prices,Negative,0.5052613615989685
2016-08-10,MURPHY OIL CORPORATION ANNOUNCES OFFERING OF $500 MILLION OF SENIOR NOTES DUE 2024,Negative,0.9172372817993164
2016-08-11,Sell-Off in Energy Companies Drags Wall Street Lower,Negative,0.9456746578216553
2016-08-12,"Stocks End at Record Highs, Bolstered by Retailers and Oil",Negative,0.5575616359710693
2016-08-12,"Market Indicators Close Mixed, but Nasdaq at New High",Positive,0.971382200717926
2016-08-12,MURPHY OIL CORPORATION ANNOUNCES PRICING AND UPSIZING OF OFFERING OF $550 MILLION OF SENIOR NOTES DUE 2024,Negative,0.6573911309242249
2016-08-13,Nasdaq Reaches New High as Oil Prices Rise,Positive,0.9913082718849182
2016-08-13,Nordstrom climbs after earnings performance beats expectations Wall Street,Positive,0.990906834602356
2016-08-15,Plan to Let Barges Park on the Hudson Meets Resistance in ‘River Towns’,Positive,0.8904032111167908
2016-08-15,Tesoro Logistics to Participate in the Citi One-on-One MLP/Midstream Infrastructure Conference,Positive,0.8694269061088562
2016-08-16,Another Record High on Wall St.,Positive,0.9847603440284729
2016-08-16,Plan to Let Barges Park on the Hudson Draws Ire From 'River Towns',Positive,0.7895512580871582
2016-08-16,"Little Change in Prices, but Hint of Action From the Fed",Neutral,0.8295751214027405
2016-08-16,Iraq PM breaks deadlock as oil minister chosen Reshuffle,Negative,0.6261929869651794
2016-08-17,Factors driving demand for emerging market assets FT explainer,Positive,0.9148738980293274
2016-08-17,"Little Change in Prices, but Hint of Action From the Fed",Neutral,0.8295751214027405
2016-08-17,Yen strength adds to pressure on BoJ Currencies,Positive,0.9676296710968018
2016-08-18,Wall St. Closes Higher After the Fed Releases Its July Meeting Minutes,Positive,0.9664214849472046
2016-08-19,Riyadh pushes crude exports despite glut Commodities,Negative,0.9862172603607178
2016-08-19,Wall St. Closes Lower as Hopes for Oil Rally Fade,Negative,0.6003885269165039
2016-08-19,Shares Edge Higher as Oil Prices Lift Energy Stocks,Positive,0.9912464022636414
2016-08-20,Oil breaks $50 on talk of output freeze Commodities,Negative,0.968440592288971
2016-08-20,Equities Retreat as Hopes for a Sustained Oil Rally Fade,Negative,0.9641764760017395
2016-08-23,Investors Take a Break and Wall Street Wavers Ahead of Federal Reserve Meeting,Negative,0.9735757112503052
2016-08-23,Oil price struggles to sustain impetus Commodities,Negative,0.8737178444862366
2016-08-23,Marathon Petroleum Corporation donates to Louisiana flood disaster relief efforts,Positive,0.9660842418670654
2016-08-24,Indexes Climb Back Close to Last Week's Records,Positive,0.9866792559623718
2016-08-24,Marathon Petroleum Corporation and MPLX LP announce MPLX senior management changes,Negative,0.8888647556304932
2016-08-25,Tesoro Logistics LP to Participate at the Barclays CEO Energy-Power Conference,Positive,0.9713659882545471
2016-08-25,Wall St. Drops on Drug Makers' Slide,Negative,0.9889175891876221
2016-08-25,Maurel & Prom : Completion of the acquisition by Pertamina of the entire shareholding held by Pacifico in Maurel & Prom,Negative,0.7175757884979248
2016-08-26,Wall St. Slips After Yellen Speech,Negative,0.9884838461875916
2016-08-26,Wall Street Slips After Another Day of Lackluster Trading,Negative,0.9914159178733826
2016-08-26,Oil recovers as Iran agrees to Opec talks Commodities,Positive,0.9906796813011169
2016-08-27,Oil slides as signals remain mixed among Opec countries ahead of big production meeting Commodities,Negative,0.9917265176773071
2016-08-27,Dollar rallies and US stocks dip as volatility follows Yellen speech Global overview,Negative,0.9736020565032959
2016-08-27,Shares Slip After Fed Hints at Rate Increase,Negative,0.944176435470581
2016-08-29,Polish pharmacist dug the world's first oil well in Lvov,Negative,0.9958200454711914
2016-08-30,Marathon Petroleum Corp. to present at Barclays ' 2016 CEO Energy-Power Conference,Positive,0.9577369093894958
2016-08-30,"Anticipating the End of a Bank Slump, Investors Give Wall Street a Lift",Positive,0.6350729465484619
2016-08-30,SEB: Nordic Outlook: Crucial choices for global economic policy experiments - new stimulus measures despite signs of Swedish overheating,Positive,0.8975125551223755
2016-08-30,"Sciencetake: An Effort to Put a Blue, Whirling Vortex of Fire to Good Use",Positive,0.8894115686416626
2016-08-31,FRO - Second Quarter and Six Months 2016 Results,Negative,0.9494021534919739
2016-08-31,Maurel & Prom : Consolidated income at 30 June 2016,Negative,0.7367500066757202
2016-08-31,A Lazy Summer Day for Investors,Negative,0.42581626772880554
2016-08-31,Pressure on the pump FT BIG READ: AUTO INDUSTRY,Negative,0.845686674118042
2016-08-31,US shares unsettled by Apple 's retreat and volatility in oil price Global overview,Negative,0.9195258617401123
2016-09-01,Oil weakness and uncertainty over Fed policy make for cautious mood Global overview,Negative,0.9828522801399231
2016-09-01,Berkeley climbs 3% as brokers praise order book and dividends London,Positive,0.988275945186615
2016-09-01,Small Losses End 5-Month Winning Streak,Negative,0.9129748344421387
2016-09-02,Wall St. Ends Higher as Jobs Report Stokes Hopes for Low Rates,Negative,0.731332540512085
2016-09-02,US gloom ahead of employment data weighs on shares and dollar Global overview,Negative,0.9746035933494568
2016-09-02,Orange in talks with Iran operator as sanctions ease Telecoms,Positive,0.5885218381881714
2016-09-02,Wall St. Starts September Unchanged,Neutral,0.8896154165267944
2016-09-02,Crude extends losses as Russia appears reluctant to join co-ordinated production freeze Commodities,Negative,0.9589657187461853
2016-09-03,Wall Street Up After Moderately Strong Jobs Report,Positive,0.9887345433235168
2016-09-07,Optimism About an Oil Industry Rebound Lifts Shares,Positive,0.9796293377876282
2016-09-08,Apache buoyed by 'significant' Delaware Basin discovery Wall Street,Positive,0.8377709984779358
2016-09-08,"On a Day of Market Drift, the Nasdaq Manages to Set a Record",Positive,0.9763169288635254
2016-09-09,Report of sharp fall in inventories lifts crude Oil & Gas,Positive,0.6923907399177551
2016-09-09,Dow Falls Nearly 400 Points as Traders Weigh Fed Rate Rise Possibility,Negative,0.97934889793396
2016-09-09,Falling Technology and Consumer Stocks Drag Down Wall Street,Negative,0.894652783870697
2016-09-10,Fed's Comments on Interest Rates Make Investors Nervous,Negative,0.7086212635040283
2016-09-10,Stocks and bonds take tumble as jitters increase over future policy Global overview,Negative,0.8077667951583862
2016-09-12,New Age takes first steps towards flotation Oil & gas,Negative,0.9024788737297058
2016-09-12,Investment threats in a changing climate Global warming is a business issue that cannot be ignored any longer,Positive,0.7635519504547119
2016-09-13,The Aliens Below Us,Negative,0.8844639658927917
2016-09-13,Market Climbs After a Dismal Drop,Positive,0.9492557048797607
2016-09-13,Saudi Aramco's Bid to Buy a Houston Oil Refinery Is a Big Strategic Bet,Negative,0.8298571705818176
2016-09-13,US oil imports and exports find 'optimum flow' Analysis: Commodities,Negative,0.5400001406669617
2016-09-14,US and European equities decline as uncertainty follows summer lull Global overview,Negative,0.9886077046394348
2016-09-14,Murphy and Chesapeake lead energy sell-off amid global oil glut warning Wall Street,Negative,0.959857702255249
2016-09-14,Market Falls After a Forecast of Weaker Demand for Oil,Negative,0.9926478862762451
2016-09-14,What's hot and what's not in Asia Analysis: Commodities,Positive,0.7866895794868469
2016-09-14,Murphy and Chesapeake lead energy sell-off amid concerns of global oil glut Wall Street,Negative,0.9761306643486023
2016-09-15,"Wall Street Ends Higher, Led by Tech and Oil",Positive,0.9916861653327942
2016-09-15,China's oil futures face further delays Commodities,Positive,0.9351487755775452
2016-09-16,Seized Libyan ports set to resume oil exports Oil & gas,Negative,0.9896714687347412
2016-09-16,Marathon Petroleum gains pace on back of pipeline leak Wall Street,Positive,0.9911908507347107
2016-09-16,European stocks pull in buyers as oil rallies after days of losses Global overview,Positive,0.9853295683860779
2016-09-16,"Wall Street Ends Higher, Led by Tech and Oil",Positive,0.9916861653327942
2016-09-16,Tesoro Corporation Sells Remaining Alaska Storage and Terminalling Assets to Tesoro Logistics,Negative,0.9510989189147949
2016-09-16,Tesoro Logistics Closes the Remaining Portion of the Alaska Storage and Terminalling Assets Acquisition from Tesoro Corporation,Negative,0.9701252579689026
2016-09-17,Southeast Asia Replaces Africa as the World’s Hotbed of Piracy,Negative,0.6307880282402039
2016-09-18,Southeast Asia Replaces Horn of Africa as the World's Hotbed of Piracy,Negative,0.8258081674575806
2016-09-18,"Annie Atkinson, Henry Bodmer",Negative,0.5071864724159241
2016-09-19,No Parking on the Hudson,Neutral,0.672732412815094
2016-09-20,Wall St. Teeters as Investors Await Fed's Decision,Negative,0.9317863583564758
2016-09-20,Oil climbs after Venezuela 's president says producers are close to deal on global output Commodities,Positive,0.9690125584602356
2016-09-20,"Pulte, Lennar and DR Horton rise on strong US builder sentiment Wall Street",Positive,0.9924334287643433
2016-09-21,Petrobras cuts planned investment by 25% Oil & gas,Positive,0.8502115607261658
2016-09-21,Small Gains Mostly Erased in Cautious Trading,Positive,0.7149428725242615
2016-09-22,"With Rates Unchanged and Fuel Inventories Dipping, Markets Rise",Negative,0.9581600427627563
2016-09-22,Tokyo Commodity Exchange ( TOCOM ) Goes Live on Nasdaq Trading Technology,Positive,0.6669518947601318
2016-09-23,Cautious Fed bolsters equities and EM currencies as risk appetite rises Global overview,Positive,0.9878036975860596
2016-09-23,"Emboldened by Fed's Decision on Rates, Investors Lift Wall Street",Positive,0.9742242693901062
2016-09-23,"Wall St. Closes Lower, With Oil Prices in Focus",Negative,0.990773618221283
2016-09-24,Wall Street Dips as Oil Prices Tumble,Negative,0.9895145893096924
2016-09-26,Oil price fall is main reason for tough times in Nigeria Infrastructure,Negative,0.9893219470977783
2016-09-26,"GLOBAL BIOENERGIES joins PREEM, SEKAB and SVEASKOG in the ""bio-based gasoline project"" in Sweden",Positive,0.6306188106536865
2016-09-27,"Global market, local problems FT BIG READ: US ENERGY",Negative,0.9621724486351013
2016-09-27,Mercuria moves to channel US shale Commodities,Negative,0.9745514988899231
2016-09-28,"Accelerating revenues will gild Lilly 's shares, predicts analyst Wall Street",Positive,0.9044713377952576
2016-09-28,Fading hopes over Opec output cut fuel volatility across sector Global overview,Negative,0.5322472453117371
2016-09-29,"Propelled by Oil, Wall Street Closes Higher",Positive,0.9847242832183838
2016-09-30,Surge in risk appetite fades away despite strong gains for crude Global overview,Negative,0.5565217137336731
2016-09-30,Opec strides back on to world stage with output cut pledge Analysis: Supply glut,Negative,0.5851448178291321
2016-09-30,Wall St. Ends Higher on Consumer Stock Gains,Positive,0.9927067160606384
2016-10-01,Wall St. Up on Signs Deutsche Bank May Settle,Positive,0.9933046698570251
2016-10-01,Race begins to ramp up year's returns Analysis: Strategy,Positive,0.9161499738693237
2016-10-03,Marathon Petroleum Corporation Announces Election of New Director,Negative,0.9654262661933899
2016-10-03,DNO Reports Payment for Tawke Deliveries,Negative,0.5353707671165466
2016-10-04,Oil pushes higher as traders weigh supply cut Commodities,Positive,0.8191664814949036
2016-10-04,Doubts over banks and energy spell hesitant start for quarter Global overview,Negative,0.9797056317329407
2016-10-04,Tesoro Logistics to Release Third Quarter Earnings,Negative,0.9189319610595703
2016-10-04,Real Estate and Utilities Drag Wall Street Down,Negative,0.9748615026473999
2016-10-05,"Utilities Drive Shares Down, and Gold Slumps",Negative,0.9874309301376343
2016-10-05,"Wall St. Closes Higher, Led by Energy and Bank Stocks",Positive,0.9747777581214905
2016-10-06,Surge in Crude Oil Prices Fuels Rally on Wall Street,Positive,0.9893364906311035
2016-10-06,MPLX LP to announce 2016 third-quarter financial results Oct. 27,Negative,0.8922564387321472
2016-10-06,Marathon Petroleum Corporation to announce 2016 third-quarter financial results Oct. 27,Negative,0.9013098478317261
2016-10-06,Pamela K.M. Beall named chief financial officer of MPLX,Negative,0.7738817930221558
2016-10-06,Mergers beckon for pipeline partnerships Dwindling demand and public opposition set stage for wave of North American 'midstream' consolidation,Negative,0.9847046136856079
2016-10-07,Wall Street Ends Day Mixed After Oil Tops $50 a Barrel,Positive,0.9836844205856323
2016-10-07,Wall Street Slips After Jobs Report,Negative,0.9886412024497986
2016-10-08,Wall Street Slips After Jobs Report,Negative,0.9886412024497986
2016-10-11,"Tension Rising Over Pipeline, Tribes Dig In: 'We're Staying'",Positive,0.962706983089447
2016-10-11,Wall St. Up as Oil Prices Climb,Positive,0.9899728298187256
2016-10-11,"Cornerstone Pipeline Begins Operations, Provides Connectivity to Utica Shale",Negative,0.978984534740448
2016-10-12,Aramco chief flags up risk of global crude supply crunch Oil & gas,Negative,0.9851000905036926
2016-10-12,Wall St. Closes Sharply Lower as Oil Prices Fall and Earnings Disappoint,Negative,0.9919989705085754
2016-10-13,Wall St. Closes Lower After China Trade Report Disappoints,Negative,0.9917430281639099
2016-10-13,"Saudi Arabia , Where Even Milk Depends on Oil, Struggles to Remake Its Economy Secrets of the Kingdom",Positive,0.7313884496688843
2016-10-13,Shares Inch Upward as Oil Prices Ebb,Positive,0.5324763059616089
2016-10-14,"Where Everything Relies on Oil, Economic Upheaval Is Coming",Positive,0.8704394102096558
2016-10-14,"Early Gains on Wall Street Fade, Leaving Stocks Barely Higher",Negative,0.9504430890083313
2016-10-14,Wall St. Closes Lower After Weak Data From China,Negative,0.9923083782196045
2016-10-15,"Early Gains on Wall St. Fade, Leaving Stocks Barely Higher",Negative,0.8273683786392212
2016-10-18,Wall Street Closes Lower as Energy Sector Drags,Negative,0.9911696910858154
2016-10-18,Gunvor embarks on US expansion in wake of Russian disposals Financials: Trading places,Negative,0.8088235259056091
2016-10-19,Robust earnings bolster equities while gilts stabilise as mood calms Global overview,Positive,0.9682667255401611
2016-10-19,Netflix and Health Care Lift Markets,Positive,0.9824204444885254
2016-10-20,Investors in cautious response to signs of China economic stability Global overview,Positive,0.44064444303512573
2016-10-20,Intel tumbles on weaker data centre sales to enterprises Adam Samson Wall Street,Negative,0.9902363419532776
2016-10-20,Wall St. Gains Slightly as Oil Prices Rise,Positive,0.9933253526687622
2016-10-21,Wall St. Ends Slightly Lower as Merger Talk Heats Up,Negative,0.97944176197052
2016-10-21,Wall St. Dips After Some Middling Quarterly Reports,Negative,0.9926774501800537
2016-10-22,Inflation and your money - 10 things you need to know,Positive,0.4840424060821533
2016-10-22,Investors pull out of EM bonds while UK stock funds suffer anxiety over 'hard' Brexit Capital markets,Negative,0.9810763597488403
2016-10-22,Wall Street Dips as Merger Talk Heats Up,Negative,0.9842188954353333
2016-10-25,Neste 's Interim Report for January-September 2016,Negative,0.876878559589386
2016-10-25,MPLX LP increases quarterly distribution,Negative,0.7256282567977905
2016-10-25,JOEY LOGANO CAPTURES THE CHECKERED FLAG AT TALLADEGA POWERED BY SHELL TECHNOLOGY UNDER THE HOOD,Positive,0.978139340877533
2016-10-26,Vaisala Corporation Interim Report January-September 2016,Negative,0.8835147619247437
2016-10-26,Debt swap respite for Venezuela state oil group Analysis: Capital markets,Negative,0.7943786978721619
2016-10-26,MURPHY OIL CORPORATION ANNOUNCES PRELIMINARY THIRD QUARTER 2016 FINANCIAL AND OPERATING RESULTS,Negative,0.9776647686958313
2016-10-26,Sterling endures sharp selling as disappointing earnings hit stocks Global overview,Negative,0.9579615592956543
2016-10-26,Marathon Petroleum Corp. announces dividend,Negative,0.9570956230163574
2016-10-27,Marathon Petroleum Corporation Announces Strategic Actions to Enhance Shareholder Value,Negative,0.8644893765449524
2016-10-27,MPLX LP Reports Third-Quarter 2016 Financial Results,Negative,0.9292604923248291
2016-10-27,Radio stations help occupied Mosul make its voice heard Iraq,Positive,0.814920961856842
2016-10-27,Marathon Petroleum Corporation Reports Third-Quarter 2016 Results,Negative,0.8868165612220764
2016-10-28,Opec counts the cost of oil price war Analysis: Commodities,Negative,0.7877963185310364
2016-10-28,Higher bond yields and doubts on earnings keep equities subdued Global overview,Positive,0.6749972105026245
2016-10-28,Statoil loss sets gloomy tone despite crude rise Oil & gas,Negative,0.8319216370582581
2016-10-28,Wall St. Ends Lower on F.B.I. Inquiry,Negative,0.9917558431625366
2016-10-29,Wall St. Ends Lower on F.B.I. Inquiry,Negative,0.9917558431625366
2016-10-29,Oil prices slide as Opec faces challenge to rebalance supply and demand ahead of meeting Commodities,Negative,0.9933145642280579
2016-10-31,TESORO CORPORATION REPORTS 2016 THIRD QUARTER RESULTS,Negative,0.870975136756897
2016-10-31,TESORO LOGISTICS LP REPORTS THIRD QUARTER 2016 RESULTS,Negative,0.9607437252998352
2016-11-01,Supply chain problems take heavy toll on Zimmer Biomet Wall Street,Negative,0.8236119747161865
2016-11-01,GE agrees deal to merge oil service division with Baker Hughes Oil & gas,Negative,0.625771164894104
2016-11-01,Investors braced for month of risks and rewards Analysis: Strategy,Negative,0.5774120688438416
2016-11-02,Wall St. Closes Lower on Political Uncertainty,Negative,0.9924605488777161
2016-11-02,DNO Reports Payment for Tawke Deliveries,Negative,0.5353707671165466
2016-11-03,Russia 's privatisation efforts fall foul of 'insider' meddling,Negative,0.6265292167663574
2016-11-03,Maurel & Prom :PIEP confirmation of its intent to launch a voluntary tender offer,Positive,0.810540497303009
2016-11-03,Wall St. Closes Lower as Election Looms,Negative,0.9923661351203918
2016-11-03,Crude's gains since Algiers evaporate Commodities,Negative,0.8967596292495728
2016-11-03,Shares Retreat as Election Day Draws Closer,Negative,0.9909141063690186
2016-11-04,Western oil companies in no hurry to return to Iran Help needed to revive antiquated sector but contract snags and political risks remain,Negative,0.7337623238563538
2016-11-04,"Election Looming, Wall Street Hits Longest Losing Streak Since Crisis",Negative,0.8911343812942505
2016-11-04,Time to Move the Standing Rock Pipeline,Positive,0.9509453773498535
2016-11-04,"Wall St. Ends Lower, Extending a Losing Streak",Negative,0.9917003512382507
2016-11-05,US election fears spur dash for cash Capital markets,Positive,0.8252291679382324
2016-11-05,Wall Street's Losing Streak Persists as Election Looms,Negative,0.9593096971511841
2016-11-07,CrossAmerica Partners LP : Reports Third Quarter 2016 Results,Negative,0.9375557899475098
2016-11-07,SFL - Sale of older VLCC,Negative,0.9034060835838318
2016-11-08,Banks Financing Dakota Pipeline Are Pressured by Environmentalists,Positive,0.5228540897369385
2016-11-08,Debating the Dakota Access Pipeline: Two Views,Positive,0.9412084817886353
2016-11-08,Wall Street Soars After F.B.I. Decision,Positive,0.9911887645721436
2016-11-09,Wall St. Closes Mostly Higher,Positive,0.9739788174629211
2016-11-10,"Nordic American Tankers ' 3Q2016 Report ( NYSE :NAT ) - By expanding the fleet to 33 vessels, NAT increases its earnings capacity substantially. Cash dividend declared for the 77th time.",Negative,0.9607707858085632
2016-11-11,"Trump Campaigned Against Lobbyists, but Now They’re on His Transition Team",Positive,0.8252856731414795
2016-11-11,Investors Embrace Trump to Send Indexes Higher,Positive,0.9511427283287048
2016-11-11,Wall Street Largely Sustains Its Winning Streak,Positive,0.8508438467979431
2016-11-11,"Oil supply growth set to be 'relentless', says IEA Commodities",Negative,0.9954240918159485
2016-11-12,How T. Boone Pickens Sits Tight in the Riskiest of Businesses Wealth Special Section,Negative,0.7774333953857422
2016-11-12,Investors Embrace Trump to Send Indexes Higher,Positive,0.9511427283287048
2016-11-12,Lobbyists Are Getting Key Jobs After Being Berated on the Trail,Negative,0.9033229351043701
2016-11-13,Sitting Tight,Neutral,0.9707557559013367
2016-11-14,Wall St. Closes Mixed as Interest Rates Tick Up,Positive,0.9847034811973572
2016-11-15,Rising Oil Prices Lead to Market Gains,Positive,0.986974835395813
2016-11-15,Wall St. Closes Mixed as Interest Rates Tick Up,Positive,0.9847034811973572
2016-11-15,Oil hit by dollar's rise and doubts over Opec cut Commodities,Positive,0.9639796614646912
2016-11-15,JOEY LOGANO SCORES THRILLING VICTORY AT PHOENIX POWERED BY SHELL TECHNOLOGY UNDER THE HOOD,Positive,0.9844001531600952
2016-11-15,Trafigura's $33bn of deals with state producers Oil & gas,Negative,0.6922669410705566
2016-11-15,Presidents have produced decisive oil market shifts,Positive,0.9117214679718018
2016-11-16,Inflation falls but BoE warns rate will increase Consumer prices,Negative,0.9671249985694885
2016-11-16,Rising Oil Prices Lead to Market Gains,Positive,0.986974835395813
2016-11-16,Saudis warn US against blocking oil imports Minister says move will hurt American economy if Trump sticks to his pledge,Negative,0.9531764984130859
2016-11-17,Saudi Aramco's listing to lift lid on level of kingdom's oil reserves Energy minister promises transparency  Claims of 260bn barrels never verified,Negative,0.9900348782539368
2016-11-17,TESORO TO ACQUIRE WESTERN REFINING IN $6.4 BILLION TRANSACTION,Negative,0.7269107699394226
2016-11-18,Amberjack Pipeline Company LLC announces start-up of expanded pipeline system,Negative,0.9886530041694641
2016-11-21,Tesoro Logistics Investing $1.1 Billion to Strengthen Position as a Leading Integrated Midstream Services Company,Negative,0.7176834344863892
2016-11-21,Tesoro Corporation Sells Northern California Terminalling and Storage Assets to Tesoro Logistics,Negative,0.9429405927658081
2016-11-21,"North Sea hopes raised after Siccar 's $1bn move Deal for UK assets of OMV lifts confidence that costs have fallen enough to pull investors back, even as prices dip again",Negative,0.7967208623886108
2016-11-22,SHELL LUBRICANTS MARKET LEADER FOR TENTH YEAR IN A ROW,Positive,0.9545691013336182
2016-11-23,Power Imbalance at the Pipeline Protest,Negative,0.5641887784004211
2016-11-23,Shell seeks to stop spill suit reaching UK courts Oil & gas,Positive,0.9930469393730164
2016-11-23,Wall St. Closes Mostly Higher,Positive,0.9739788174629211
2016-11-23,Engelhart co-founder set to leave after quarterly loss Financials,Negative,0.7642455697059631
2016-11-23,Power Imbalance at the Pipeline Protest Editorial,Positive,0.5058714747428894
2016-11-23,Hurdles loom for Trump's oil output push Analysis: Commodities,Negative,0.985149621963501
2016-11-24,Dow and S.&P. 500 Rise to Records in Light Trading,Positive,0.9913401007652283
2016-11-24,Corn ethanol industry cheers biofuels ruling Renewables,Positive,0.7943174839019775
2016-11-25,"The Conflicts Along 1,172 Miles of the Dakota Access Pipeline",Positive,0.9890416264533997
2016-11-25,European stocks trade cautiously as rampant greenback batters yen Global overview,Negative,0.8277862071990967
2016-11-25,Wall St. Rises as Winning Streak Continues,Positive,0.9909065961837769
2016-11-26,Wall Street's Winning Streak Holds On,Positive,0.9540677070617676
2016-11-26,Officials to Close Standing Rock Protest Campsite,Negative,0.5321746468544006
2016-11-27,U.S. Closing Pipeline Protest Campsite in North Dakota,Positive,0.9618112444877625
2016-11-28,MPLX Vice President of Operations Craig O. Pierson to retire,Negative,0.9049568772315979
2016-11-28,Wall Street Closes Lower as Bank and Consumer Stocks Fall,Negative,0.6964706182479858
2016-11-28,Currency controls force manufacturers to buy locally,Positive,0.5740299224853516
2016-11-29,Tesoro Logistics LP Announces Intention to Offer $750 Million of Senior Notes due 2025,Positive,0.6040793657302856
2016-11-29,Tesoro Logistics LP Announces Pricing of $750 Million of Senior Notes,Positive,0.636827826499939
2016-11-29,Wall St. Closes Lower as Consumer Stocks Fall,Negative,0.8688513040542603
2016-11-29,Wall St. Ends Higher as Oil Prices Drop,Negative,0.9908390641212463
2016-11-30,Battle Over an Oil Pipeline: Teaching About the Standing Rock Sioux Protests Civics,Positive,0.9662323594093323
2016-11-30,"OPEC Reaches Deal to Limit Production, Sending Prices Soaring",Positive,0.5175942778587341
2016-11-30,Three leading Opec nations in talks to rescue deal supporting oil prices Commodities,Positive,0.5219629406929016
2016-11-30,Marathon Petroleum Corp. vice president James Heintschel to retire,Negative,0.8481234908103943
2016-11-30,Wall St. Ends Higher as Oil Prices Drop,Negative,0.9908390641212463
2016-12-01,Canada backs crude pipeline projects Oil & gas,Negative,0.9651835560798645
2016-12-01,Opec deal to cut supplies boosts oil price in big U-turn for Riyadh Crude soars above $50  Non-cartel nations join effort  Saudis take bulk of reductions,Positive,0.9867531061172485
2016-12-01,Drillers on the rise after cartel comes to long-awaited agreement Wall Street,Positive,0.9856665730476379
2016-12-01,Wall St. Closes Mixed as Oil Prices Keep Rising,Positive,0.9856716394424438
2016-12-01,Surge in oil prices after Opec deal helps S&P 500 touch record high Global overview,Positive,0.98454350233078
2016-12-01,OPEC to Limit Production as Iran 's Influence Grows,Positive,0.5380580425262451
2016-12-02,"Postelection Rally Ends, at Least for Now",Negative,0.7347074747085571
2016-12-02,Maurel & Prom :PROPOSED VOLUNTARY TENDER OFFER - Favourable reasoned opinion of the Board of directors of Maurel & Prom,Positive,0.9410168528556824
2016-12-02,"Tech Sinks, but Banks and Oil Lift Dow to a Record",Negative,0.9334040880203247
2016-12-03,"Rally Tapers Off, at Least for Now",Negative,0.9568480253219604
2016-12-05,DNO Reports Payment for Tawke Deliveries,Negative,0.5353707671165466
2016-12-05,MURPHY OIL CORPORATION AND PARTNERS ANNOUNCE AWARD OF DEEPWATER EXPLORATION BLOCK IN MEXICO,Negative,0.993423342704773
2016-12-05,Saudi Arabia discussed oil output cut with traders ahead of Opec Vienna talks,Positive,0.9918261766433716
2016-12-06,Dakota pipeline delay fails to deter oil companies US energy: Native American protest,Positive,0.9577804207801819
2016-12-06,Nigeria lines up banks for new year bond sale Capital markets,Negative,0.8438222408294678
2016-12-06,Technology Companies Join a Rally,Positive,0.9716701507568359
2016-12-06,Technology Companies Join Market's Postelection Rally,Positive,0.9683020710945129
2016-12-06,Opec rally sends Brent crude past $55 Commodities,Positive,0.9862738251686096
2016-12-08,Dow and S.&P. 500 Reach New Heights,Positive,0.9664398431777954
2016-12-08,North Dakota Could Be Biggest Loser in Ruling Against Oil Pipeline,Positive,0.9862596988677979
2016-12-08,Junk bond rebound extended as risk spread narrows Wall Street,Positive,0.9839832782745361
2016-12-08,"Canada Wonders, if U.S. Balks, Is Carbon Pricing Still the Answer?",Positive,0.8504165410995483
2016-12-09,"Eye on Trump, Canada Debates Carbon Pricing",Positive,0.9546507596969604
2016-12-09,Blocking of Pipeline Could Hurt N. Dakota,Positive,0.5035489201545715
2016-12-09,Winner and losers since Trump's election victory A month on,Positive,0.7464419603347778
2016-12-10,"Russia and Others Join OPEC in Rare, Coordinated Push to Cut Oil Output",Positive,0.9960547685623169
2016-12-10,Record-Setting Rally Continues on Wall St.,Positive,0.9905536770820618
2016-12-11,Russia and Others Join OPEC in Deal to Cut Oil Output,Positive,0.9959824085235596
2016-12-13,Commodity ETF investors in for the short run Analysis: Passive trading,Negative,0.926276445388794
2016-12-14,Equities continue record surge as stimulus pledge encourages bulls Global overview,Positive,0.9873765707015991
2016-12-15,Oil tanker rates rise before output cut Commodities,Positive,0.9779656529426575
2016-12-15,European stocks climb a wall of worry Analysis: Equities,Negative,0.938345730304718
2016-12-15,Shares Dive After Fed Raises Rates and Forecast,Positive,0.8022814989089966
2016-12-16,Traders puzzle over bets on crude benchmarks,Negative,0.6802137494087219
2016-12-17,Tech and Finance Stocks Pull Wall Street Back From Highs,Positive,0.9123333692550659
2016-12-17,Broker downgrade blurs shares in Micro Focus International London,Negative,0.950985312461853
2016-12-20,Income-Seeking Traders Push Wall St. Up,Positive,0.9901273250579834
2016-12-21,Travel and Banking Gains Extend the Dow 's Record Run,Positive,0.9918517470359802
2016-12-21,Secret Unit Helped Brazilian Company Bribe Government Officials,Positive,0.9870928525924683
2016-12-22,"Shares Slip, as Health Care Struggles and Energy Rises",Negative,0.5495319962501526
2016-12-22,Brazilian Firm's Secret Unit Paved the Way for Kickbacks,Positive,0.9286154508590698
2016-12-24,Dow Jones Records Its Seventh Straight Weekly Gain,Positive,0.9122145175933838
2016-12-24,Shell and BP's UK dividends surge on weak pound Energy,Positive,0.9920582175254822
2016-12-28,"Nasdaq Hits Record; Dow Inches Toward 20,000",Positive,0.9761131405830383
2016-12-29,"Banks Lead Wide Decline, Erasing Tuesday's Gains",Negative,0.9683180451393127
2016-12-29,Why Saudi Arabia Is Likely to Postpone a Huge Oil Company I.P.O. Breakingviews,Negative,0.8453186750411987
2016-12-30,Major Indexes Log Slight Losses for Second Day,Negative,0.9907183051109314
2016-12-30,Malaysia MPs attack Indonesia deal Plantation controversy,Positive,0.7706812024116516
2016-12-31,Investors Opt to Sell in Final Trading Day of the Year,Neutral,0.504743218421936
2016-12-31,Now we can all see the trade of the decade Analysis: Investing,Positive,0.577862560749054
